Kind,Name,AltAvgLineBlank,AltAvgLineCode,AltAvgLineComment,AltCountLineBlank,AltCountLineCode,AltCountLineComment,AvgCyclomatic,AvgCyclomaticModified,AvgCyclomaticStrict,AvgEssential,AvgLine,AvgLineBlank,AvgLineCode,AvgLineComment,CountClassBase,CountClassCoupled,CountClassDerived,CountDeclClass,CountDeclClassMethod,CountDeclClassVariable,CountDeclFile,CountDeclFileCode,CountDeclFileHeader,CountDeclFunction,CountDeclInstanceMethod,CountDeclInstanceVariable,CountDeclInstanceVariablePrivate,CountDeclInstanceVariableProtected,CountDeclInstanceVariablePublic,CountDeclMethod,CountDeclMethodAll,CountDeclMethodConst,CountDeclMethodFriend,CountDeclMethodPrivate,CountDeclMethodProtected,CountDeclMethodPublic,CountInput,CountLine,CountLineBlank,CountLineCode,CountLineCodeDecl,CountLineCodeExe,CountLineComment,CountLineInactive,CountLinePreprocessor,CountOutput,CountPath,CountSemicolon,CountStmt,CountStmtDecl,CountStmtEmpty,CountStmtExe,Cyclomatic,CyclomaticModified,CyclomaticStrict,Essential,Knots,MaxCyclomatic,MaxCyclomaticModified,MaxCyclomaticStrict,MaxEssential,MaxEssentialKnots,MaxInheritanceTree,MaxNesting,MinEssentialKnots,PercentLackOfCohesion,RatioCommentToCode,SumCyclomatic,SumCyclomaticModified,SumCyclomaticStrict,SumEssential
Function,"AdvancedPageProc",,,,1,14,0,,,,,,,,,,,,,,,,,,,,,,,,,,,,,,,4,15,1,14,1,9,0,0,0,2,3,5,8,0,0,8,3,2,3,1,4,,,,,0,,1,0,,0.00,,,,
Class,"AnonymousDerivedProtectedOnDerived",0,1,0,0,5,0,1,1,1,1,1,0,1,0,1,0,0,,0,0,,,,,1,0,0,0,0,1,1,0,0,0,1,0,,5,0,5,2,0,0,0,0,,,,1,1,0,0,,,,,,1,1,1,1,,1,,,0,0.00,1,1,1,1
Protected Function,"AnonymousDerivedProtectedOnDerived::~AnonymousDerivedProtectedOnDerived",,,,0,1,0,,,,,,,,,,,,,,,,,,,,,,,,,,,,,,,0,1,0,1,1,0,0,0,0,2,1,0,0,0,0,0,1,1,1,1,0,,,,,0,,0,0,,0.00,,,,
Class,"AnonymousDerivedProtectedToPublicInImpl",0,1,0,0,6,0,1,1,1,1,1,0,1,0,1,0,0,,0,0,,,,,2,0,0,0,0,2,2,0,0,0,0,2,,6,0,6,3,0,0,0,0,,,,2,2,0,0,,,,,,1,1,1,1,,1,,,0,0.00,2,2,2,2
Public Function,"AnonymousDerivedProtectedToPublicInImpl::AnonymousDerivedProtectedToPublicInImpl",,,,0,1,0,,,,,,,,,,,,,,,,,,,,,,,,,,,,,,,1,1,0,1,1,0,0,0,0,2,1,0,0,0,0,0,1,1,1,1,0,,,,,0,,0,0,,0.00,,,,
Public Virtual Function,"AnonymousDerivedProtectedToPublicInImpl::~AnonymousDerivedProtectedToPublicInImpl",,,,0,1,0,,,,,,,,,,,,,,,,,,,,,,,,,,,,,,,1,1,0,1,1,0,0,0,0,2,1,0,0,0,0,0,1,1,1,1,0,,,,,0,,0,0,,0.00,,,,
Function,"BMPtoUTF8",,,,1,11,0,,,,,,,,,,,,,,,,,,,,,,,,,,,,,,,4,12,1,11,3,8,0,0,0,5,3,5,7,1,0,6,3,3,3,3,2,,,,,2,,1,2,,0.00,,,,
Class,"Baz",0,0,0,0,4,0,0,0,0,0,0,0,0,0,0,1,0,,0,0,,,,,0,0,0,0,0,0,0,0,0,0,0,0,,4,0,4,2,0,0,0,0,,,,1,1,0,0,,,,,,0,0,0,0,,0,,,0,0.00,0,0,0,0
Public Function,"CLogFile::CLogFile",,,,0,5,0,,,,,,,,,,,,,,,,,,,,,,,,,,,,,,,0,5,0,5,3,1,0,0,0,1,1,1,1,0,0,1,1,1,1,1,0,,,,,0,,0,0,,0.00,,,,
Public Function,"CLogFile::close",,,,0,8,0,,,,,,,,,,,,,,,,,,,,,,,,,,,,,,,0,8,0,8,1,3,0,0,0,1,2,2,3,0,0,3,2,2,2,1,0,,,,,0,,1,0,,0.00,,,,
Public Function,"CLogFile::create",,,,2,8,0,,,,,,,,,,,,,,,,,,,,,,,,,,,,,,,2,10,2,8,1,5,0,0,0,4,2,4,5,0,0,5,2,2,3,1,1,,,,,0,,1,0,,0.00,,,,
Public Function,"CLogFile::flush",,,,0,4,0,,,,,,,,,,,,,,,,,,,,,,,,,,,,,,,0,4,0,4,1,1,0,0,0,1,1,1,1,0,0,1,1,1,1,1,0,,,,,0,,0,0,,0.00,,,,
Public Function,"CLogFile::write",,,,0,4,0,,,,,,,,,,,,,,,,,,,,,,,,,,,,,,,1,4,0,4,1,1,0,0,0,4,1,1,1,0,0,1,1,1,1,1,0,,,,,0,,0,0,,0.00,,,,
Public Function,"CLogFile::~CLogFile",,,,0,5,0,,,,,,,,,,,,,,,,,,,,,,,,,,,,,,,0,5,0,5,1,2,0,0,0,2,2,1,2,0,0,2,2,2,2,1,0,,,,,0,,1,0,,0.00,,,,
Public Function,"CMeasurePageLoadTimeBHO::ErrorExit",,,,3,15,2,,,,,,,,,,,,,,,,,,,,,,,,,,,,,,,2,20,3,15,1,8,2,0,0,6,4,6,8,0,0,8,3,3,5,1,0,,,,,0,,1,0,,0.13,,,,
Public Function,"CMeasurePageLoadTimeBHO::OnDocumentComplete",,,,0,7,2,,,,,,,,,,,,,,,,,,,,,,,,,,,,,,,3,9,0,7,1,2,2,0,0,2,2,1,2,0,0,2,2,2,2,1,0,,,,,0,,1,0,,0.29,,,,
Public Function,"CMeasurePageLoadTimeBHO::ProcessPageTimeRequests",,,,34,114,40,,,,,,,,,,,,,,,,,,,,,,,,,,,,,,,4,185,34,114,27,78,40,0,0,32,7264,61,77,19,0,58,18,18,19,9,8,,,,,8,,5,7,,0.35,,,,
Public Function,"CMeasurePageLoadTimeBHO::SetSite",,,,5,29,10,,,,,,,,,,,,,,,,,,,,,,,,,,,,,,,4,44,5,29,3,16,10,0,0,14,5,11,15,2,0,13,5,5,5,1,1,,,,,0,,3,0,,0.34,,,,
Class,"CMeasurePageLoadTimeModule",0,0,0,0,6,0,0,0,0,0,0,0,0,0,1,0,0,,0,0,,,,,6,0,0,0,0,6,6,0,0,0,0,1,,6,0,6,3,0,0,0,0,,,,2,2,0,0,,,,,,0,0,0,0,,1,,,0,0.00,0,0,0,0
Private Function,"ChromeClassTester::BuildBannedLists",,,,15,37,24,,,,,,,,,,,,,,,,,,,,,,,,,,,,,,,5,76,15,37,1,35,24,0,0,2,2,34,35,0,0,35,2,2,2,1,0,,,,,0,,1,0,,0.65,,,,
Public Function,"ChromeClassTester::CheckTag",,,,6,20,11,,,,,,,,,,,,,,,,,,,,,,,,,,,,,,,1,37,6,20,3,17,11,0,0,12,7,8,14,2,0,12,7,7,10,7,10,,,,,10,,2,10,,0.55,,,,
Public Function,"ChromeClassTester::ChromeClassTester",,,,0,7,0,,,,,,,,,,,,,,,,,,,,,,,,,,,,,,,2,7,0,7,5,1,0,0,0,6,1,1,1,0,0,1,1,1,1,1,0,,,,,0,,0,0,,0.00,,,,
Public Function,"ChromeClassTester::GetFilename",,,,1,11,2,,,,,,,,,,,,,,,,,,,,,,,,,,,,,,,2,14,1,11,5,7,2,0,0,7,2,6,7,3,0,4,2,2,2,1,1,,,,,0,,1,0,,0.18,,,,
Public Function,"ChromeClassTester::GetNamespace",,,,0,3,0,,,,,,,,,,,,,,,,,,,,,,,,,,,,,,,1,3,0,3,1,1,0,0,0,3,1,1,1,0,0,1,1,1,1,1,0,,,,,0,,0,0,,0.00,,,,
Public Function,"ChromeClassTester::GetNamespaceImpl",,,,0,22,0,,,,,,,,,,,,,,,,,,,,,,,,,,,,,,,5,22,0,22,4,14,0,0,0,7,4,8,12,2,0,10,4,3,4,1,4,,,,,0,,2,0,,0.00,,,,
Public Function,"ChromeClassTester::HandleTagDeclDefinition",,,,0,3,0,,,,,,,,,,,,,,,,,,,,,,,,,,,,,,,2,3,0,3,1,1,0,0,0,1,1,1,1,0,0,1,1,1,1,1,0,,,,,0,,0,0,,0.00,,,,
Public Function,"ChromeClassTester::HandleTopLevelDecl",,,,1,6,1,,,,,,,,,,,,,,,,,,,,,,,,,,,,,,,1,7,1,6,2,4,1,0,0,4,2,5,6,1,0,5,2,2,2,1,0,,,,,0,,1,0,,0.17,,,,
Public Function,"ChromeClassTester::InBannedDirectory",,,,6,29,14,,,,,,,,,,,,,,,,,,,,,,,,,,,,,,,3,49,6,29,7,20,14,0,0,9,15,14,22,5,0,17,9,9,10,7,7,,,,,7,,3,7,,0.48,,,,
Public Function,"ChromeClassTester::InBannedNamespace",,,,1,8,0,,,,,,,,,,,,,,,,,,,,,,,,,,,,,,,2,9,1,8,2,5,0,0,0,6,2,3,4,1,0,3,2,2,2,1,1,,,,,0,,1,0,,0.00,,,,
Public Function,"ChromeClassTester::InImplementationFile",,,,2,10,0,,,,,,,,,,,,,,,,,,,,,,,,,,,,,,,1,12,2,10,2,6,0,0,0,3,3,4,6,1,0,5,3,3,5,3,2,,,,,2,,1,2,,0.00,,,,
Private Function,"ChromeClassTester::IsIgnoredType",,,,0,3,0,,,,,,,,,,,,,,,,,,,,,,,,,,,,,,,3,3,0,3,1,1,0,0,0,3,1,1,1,0,0,1,1,1,1,1,0,,,,,0,,0,0,,0.00,,,,
Public Function,"ChromeClassTester::emitWarning",,,,0,13,0,,,,,,,,,,,,,,,,,,,,,,,,,,,,,,,4,13,0,13,6,8,0,0,0,7,1,7,7,4,0,3,2,2,2,1,0,,,,,0,,0,0,,0.00,,,,
Public Virtual Function,"ChromeClassTester::~ChromeClassTester",,,,0,1,0,,,,,,,,,,,,,,,,,,,,,,,,,,,,,,,0,1,0,1,1,0,0,0,0,1,1,0,0,0,0,0,1,1,1,1,0,,,,,0,,0,0,,0.00,,,,
Public Function,"CommentInfo::CommentInfo",,,,0,4,0,,,,,,,,,,,,,,,,,,,,,,,,,,,,,,,0,4,0,4,3,0,0,0,0,1,1,0,0,0,0,0,1,1,1,1,0,,,,,0,,0,0,,0.00,,,,
Public Function,"CommentInfo::setComment",,,,0,9,1,,,,,,,,,,,,,,,,,,,,,,,,,,,,,,,1,10,0,9,2,5,1,0,0,4,2,4,5,0,0,5,2,2,3,1,0,,,,,0,,1,0,,0.11,,,,
Public Function,"CommentInfo::~CommentInfo",,,,0,5,0,,,,,,,,,,,,,,,,,,,,,,,,,,,,,,,0,5,0,5,1,2,0,0,0,2,2,1,2,0,0,2,2,2,2,1,0,,,,,0,,1,0,,0.00,,,,
Class,"ConcreteVirtualMethodsInHeaders",0,1,0,0,4,0,1,1,1,1,1,0,1,0,1,0,0,,0,0,,,,,1,0,0,0,0,1,2,0,0,0,0,1,,4,0,4,2,0,0,0,0,,,,1,1,0,0,,,,,,1,1,1,1,,1,,,0,0.00,1,1,1,1
Public Virtual Function,"ConcreteVirtualMethodsInHeaders::MethodIsAbstract",,,,0,1,0,,,,,,,,,,,,,,,,,,,,,,,,,,,,,,,0,1,0,1,1,0,0,0,0,0,1,0,0,0,0,0,1,1,1,1,0,,,,,0,,0,0,,0.00,,,,
Class,"ConcreteVirtualMethodsInImplementation",0,1,0,0,5,0,1,1,1,1,1,0,1,0,1,0,0,,0,0,,,,,1,0,0,0,0,1,5,0,0,0,0,1,,5,0,5,2,0,0,0,0,,,,1,1,0,0,,,,,,1,1,1,1,,1,,,0,0.00,1,1,1,1
Public Virtual Function,"ConcreteVirtualMethodsInImplementation::MethodIsAbstract",,,,0,1,0,,,,,,,,,,,,,,,,,,,,,,,,,,,,,,,0,1,0,1,1,0,0,0,0,0,1,0,0,0,0,0,1,1,1,1,0,,,,,0,,0,0,,0.00,,,,
Class,"ConstructorCallback",0,6,0,3,19,0,1,1,1,1,7,0,6,0,1,3,0,,0,0,,,,,2,1,1,0,0,2,2,0,0,0,0,2,,22,3,19,10,9,0,0,0,,,,9,5,0,4,,,,,,2,2,2,1,,1,,,0,0.00,3,3,3,2
Class,"ConstructorCallback",0,6,0,3,18,0,1,1,1,1,6,0,6,0,1,4,0,,0,0,,,,,2,1,1,0,0,2,2,0,0,0,0,2,,21,3,18,11,8,0,0,0,,,,9,6,0,3,,,,,,2,2,2,1,,1,,,0,0.00,3,3,3,2
Public Function,"ConstructorCallback::ConstructorCallback",,,,0,2,0,,,,,,,,,,,,,,,,,,,,,,,,,,,,,,,2,2,0,2,2,0,0,0,0,2,1,0,0,0,0,0,1,1,1,1,0,,,,,0,,0,0,,0.00,,,,
Public Function,"ConstructorCallback::ConstructorCallback",,,,0,2,0,,,,,,,,,,,,,,,,,,,,,,,,,,,,,,,2,2,0,2,2,0,0,0,0,2,1,0,0,0,0,0,1,1,1,1,0,,,,,0,,0,0,,0.00,,,,
Public Virtual Function,"ConstructorCallback::run",,,,1,10,0,,,,,,,,,,,,,,,,,,,,,,,,,,,,,,,5,11,1,10,6,8,0,0,0,6,2,5,6,3,0,3,2,2,2,1,1,,,,,0,,1,0,,0.00,,,,
Public Virtual Function,"ConstructorCallback::run",,,,1,11,0,,,,,,,,,,,,,,,,,,,,,,,,,,,,,,,4,12,1,11,5,9,0,0,0,7,2,5,6,2,0,4,2,2,2,1,1,,,,,0,,1,0,,0.00,,,,
File,"D:\6611\chromium\31\src\chrome\third_party\mozilla_security_manager\nsNSSCertHelper.cpp",2,29,1,87,902,79,7,4,7,2,32,2,29,1,,,,0,,,,,,29,,,,,,,,,,,,,,1065,87,884,179,717,79,0,18,,,486,707,135,0,572,,,,,,76,24,76,13,,,5,,,0.09,210,121,216,58
File,"D:\6611\chromium\31\src\chrome\third_party\mozilla_security_manager\nsNSSCertificate.cpp",0,12,1,7,30,42,4,4,4,1,13,0,12,1,,,,0,,,,,,2,,,,,,,,,,,,,,78,7,26,7,15,42,0,4,,,11,19,6,0,13,,,,,,5,5,5,1,,,2,,,1.62,7,7,7,2
File,"D:\6611\chromium\31\src\chrome\third_party\mozilla_security_manager\nsUsageArrayHelper.cpp",0,26,1,5,31,38,4,4,4,1,27,0,26,1,,,,0,,,,,,1,,,,,,,,,,,,,,73,5,28,19,19,38,0,3,,,7,12,7,0,5,,,,,,4,4,4,1,,,3,,,1.36,4,4,4,1
File,"D:\6611\chromium\31\src\net\third_party\mozilla_security_manager\nsKeygenHandler.cpp",18,129,25,29,172,73,18,18,20,9,165,18,129,25,,,,0,,,,,,1,,,,,,,,,,,,,,261,29,161,53,122,73,0,11,,,75,95,22,0,73,,,,,,18,18,20,9,,,2,,,0.45,18,18,20,9
File,"D:\6611\chromium\31\src\net\third_party\mozilla_security_manager\nsNSSCertificateDB.cpp",7,53,13,30,176,85,10,10,11,7,73,7,53,13,,,,0,,,,,,3,,,,,,,,,,,,,,287,30,162,56,129,85,0,14,,,66,98,19,0,79,,,,,,13,13,15,12,,,2,,,0.52,31,31,34,21
File,"D:\6611\chromium\31\src\net\third_party\mozilla_security_manager\nsPKCS12Blob.cpp",3,30,6,50,318,124,6,5,7,3,38,3,29,6,,,,1,,,,,,9,,,,,,,,,,,,,,486,50,299,84,193,124,5,14,,,153,238,83,1,154,,,,,,30,21,30,15,,,4,,,0.41,55,46,60,33
File,"D:\6611\chromium\31\src\sandbox\win\src\sidestep\ia32_modrm_map.cpp",0,0,0,6,72,79,0,0,0,0,0,0,0,0,,,,0,,,,,,0,,,,,,,,,,,,,,92,6,70,70,68,79,0,2,,,2,4,4,0,0,,,,,,0,0,0,0,,,0,,,1.13,0,0,0,0
File,"D:\6611\chromium\31\src\sandbox\win\src\sidestep\ia32_opcode_map.cpp",0,0,0,36,1100,1069,0,0,0,0,0,0,0,0,,,,0,,,,,,0,,,,,,,,,,,,,,1159,36,1099,1099,1097,1069,0,1,,,26,28,28,0,0,,,,,,0,0,0,0,,,0,,,0.97,0,0,0,0
File,"D:\6611\chromium\31\src\sandbox\win\src\sidestep\mini_disassembler.cpp",4,29,14,51,265,127,8,4,9,2,41,4,29,14,,,,0,,,,,,9,,,,,,,,,,,,,,395,51,261,39,212,127,1,4,,,128,210,25,0,185,,,,,,41,11,41,7,,,3,,,0.49,76,37,81,22
File,"D:\6611\chromium\31\src\sandbox\win\src\sidestep\preamble_patcher_with_stub.cpp",5,26,17,28,88,65,4,4,5,3,48,5,24,17,,,,0,,,,,,3,,,,,,,,,,,,,,179,28,75,28,53,65,0,13,,,35,51,17,0,34,,,,,,9,9,11,7,,,2,,,0.87,13,13,15,9
File,"D:\6611\chromium\31\src\skia\ext\SkMemory_new_handler.cpp",0,9,0,11,58,8,2,2,2,1,9,0,7,0,,,,0,,,,,,6,,,,,,,,,,,,,,77,11,44,10,23,7,3,12,,,19,31,10,0,21,,,,,,4,4,4,1,,,2,,,0.16,12,12,12,6
File,"D:\6611\chromium\31\src\skia\ext\SkTypeface_fake.cpp",0,3,0,6,10,5,1,1,1,1,3,0,3,0,,,,0,,,,,,3,,,,,,,,,,,,,,21,6,9,3,2,5,0,1,,,2,5,3,0,2,,,,,,1,1,1,1,,,0,,,0.56,3,3,3,3
File,"D:\6611\chromium\31\src\third_party\jsoncpp\overrides\src\lib_json\json_value.cpp",0,13,0,223,1597,127,3,2,3,1,14,0,11,0,,,,0,,,,,,106,,,,,,,,,,,,,,1924,214,1178,339,591,115,317,146,,,366,667,153,2,512,,,,,,13,9,36,10,,,4,,,0.10,292,209,359,149
File,"D:\6611\chromium\31\src\third_party\npapi\npspy\common\epmanager.cpp",1,11,0,65,272,43,3,3,3,1,12,1,11,0,,,,0,,,,,,25,,,,,,,,,,,,,,378,65,269,68,148,43,0,3,,,131,195,60,2,133,,,,,,8,8,9,5,,,5,,,0.16,64,64,77,38
File,"D:\6611\chromium\31\src\third_party\npapi\npspy\common\format.cpp",4,65,2,78,931,88,14,5,15,1,70,4,64,2,,,,0,,,,,,14,,,,,,,,,,,,,,1097,78,902,66,713,85,13,21,,,497,701,59,0,642,,,,,,84,19,89,6,,,3,,,0.09,199,70,208,21
File,"D:\6611\chromium\31\src\third_party\npapi\npspy\common\logfile.cpp",0,6,0,10,37,36,2,2,2,1,6,0,6,0,,,,0,,,,,,6,,,,,,,,,,,,,,83,10,34,8,13,36,0,3,,,10,19,6,0,13,,,,,,2,2,3,1,,,1,,,1.06,9,9,10,6
File,"D:\6611\chromium\31\src\third_party\npapi\npspy\common\logger.cpp",3,16,0,83,295,37,4,4,4,1,20,3,16,0,,,,0,,,,,,18,,,,,,,,,,,,,,415,83,289,41,204,37,0,6,,,173,251,32,0,219,,,,,,24,24,24,4,,,2,,,0.13,78,78,80,23
File,"D:\6611\chromium\31\src\third_party\npapi\npspy\common\np_entry.cpp",5,40,7,24,129,59,5,5,5,2,52,5,40,7,,,,0,,,,,,3,,,,,,,,,,,,,,211,24,124,6,101,59,0,5,,,89,105,6,0,99,,,,,,7,7,7,4,,,2,,,0.48,16,16,16,8
File,"D:\6611\chromium\31\src\third_party\npapi\npspy\common\npn_gate.cpp",3,9,0,180,420,36,3,3,3,1,12,3,9,0,,,,0,,,,,,44,,,,,,,,,,,,,,636,171,393,84,258,36,29,7,,,177,300,84,0,216,,,,,,4,4,4,1,,,1,,,0.09,123,123,123,44
File,"D:\6611\chromium\31\src\third_party\npapi\npspy\common\npp_gate.cpp",5,18,1,95,265,45,5,5,5,3,24,5,18,1,,,,0,,,,,,14,,,,,,,,,,,,,,405,95,261,45,198,45,0,4,,,145,217,35,0,182,,,,,,12,12,12,8,,,2,,,0.17,72,72,73,43
File,"D:\6611\chromium\31\src\third_party\npapi\npspy\common\plugload.cpp",13,41,3,46,126,45,2,2,2,1,57,4,6,0,,,,0,,,,,,3,,,,,,,,,,,,,,217,17,18,4,8,36,125,21,,,7,12,4,0,8,,,,,,2,2,3,1,,,1,,,2.00,5,5,6,3
File,"D:\6611\chromium\31\src\third_party\npapi\npspy\common\profile.cpp",0,3,0,4,8,36,1,1,1,1,3,0,3,0,,,,0,,,,,,2,,,,,,,,,,,,,,48,4,6,2,0,36,0,2,,,0,2,2,0,0,,,,,,1,1,1,1,,,0,,,6.00,2,2,2,2
File,"D:\6611\chromium\31\src\third_party\npapi\npspy\common\utils.cpp",0,10,0,11,78,39,1,1,1,1,10,0,4,0,,,,0,,,,,,8,,,,,,,,,,,,,,127,11,33,8,7,39,18,27,,,6,15,8,0,7,,,,,,2,2,2,1,,,1,,,1.18,9,9,9,8
File,"D:\6611\chromium\31\src\third_party\npapi\npspy\windows\dirpick.cpp",5,41,3,68,463,85,7,6,8,3,47,5,41,3,,,,0,,,,,,11,,,,,,,,,,,,,,605,68,453,92,320,85,0,10,,,270,351,89,3,259,,,,,,16,15,20,11,,,3,,,0.19,79,67,90,36
File,"D:\6611\chromium\31\src\third_party\npapi\npspy\windows\gui_advanced.cpp",1,12,0,12,52,36,3,3,3,1,13,1,12,0,,,,0,,,,,,4,,,,,,,,,,,,,,100,12,47,6,27,36,0,5,,,17,30,6,0,24,,,,,,4,4,4,1,,,1,,,0.77,12,10,12,4
File,"D:\6611\chromium\31\src\third_party\npapi\npspy\windows\gui_fiter.cpp",2,16,1,17,86,39,4,3,4,1,18,2,16,1,,,,0,,,,,,5,,,,,,,,,,,,,,141,17,81,14,49,39,0,5,,,39,62,14,0,48,,,,,,6,6,6,4,,,2,,,0.48,21,17,21,8
File,"D:\6611\chromium\31\src\third_party\npapi\npspy\windows\gui_general.cpp",1,12,0,12,52,36,3,3,3,1,13,1,12,0,,,,0,,,,,,4,,,,,,,,,,,,,,100,12,47,6,27,36,0,5,,,17,30,6,0,24,,,,,,4,4,4,1,,,1,,,0.77,12,10,12,4
File,"D:\6611\chromium\31\src\third_party\npapi\npspy\windows\gui_log.cpp",2,17,0,21,109,37,4,3,4,1,19,2,17,0,,,,0,,,,,,6,,,,,,,,,,,,,,167,21,103,13,66,37,0,6,,,48,72,13,0,59,,,,,,6,6,6,4,,,2,,,0.36,24,20,24,9
File,"D:\6611\chromium\31\src\third_party\npapi\npspy\windows\gui_main.cpp",4,31,0,41,226,38,4,4,5,2,35,4,31,0,,,,0,,,,,,7,,,,,,,,,,,,,,305,41,221,51,170,38,0,5,,,151,181,51,0,130,,,,,,8,8,8,6,,,3,,,0.17,31,25,32,14
File,"D:\6611\chromium\31\src\third_party\npapi\npspy\windows\gui_pause.cpp",0,12,0,6,39,36,3,2,3,2,12,0,12,0,,,,0,,,,,,3,,,,,,,,,,,,,,81,6,36,3,23,36,0,3,,,14,24,3,0,21,,,,,,4,2,4,4,,,1,,,1.00,8,5,8,6
File,"D:\6611\chromium\31\src\third_party\npapi\npspy\windows\loggerw.cpp",2,13,0,29,131,40,2,2,2,1,16,2,13,0,,,,0,,,,,,9,,,,,,,,,,,,,,199,29,125,37,75,40,0,6,,,73,94,30,0,64,,,,,,8,8,8,3,,,2,,,0.32,22,22,22,11
File,"D:\6611\chromium\31\src\third_party\npapi\npspy\windows\profilew.cpp",2,11,0,26,90,36,3,3,3,2,13,2,11,0,,,,0,,,,,,8,,,,,,,,,,,,,,152,26,88,33,64,36,0,2,,,44,64,24,0,40,,,,,,5,5,5,5,,,1,,,0.41,22,22,22,18
File,"D:\6611\chromium\31\src\third_party\npapi\npspy\windows\setupexe.cpp",0,5,0,1,8,0,1,1,1,1,5,0,5,0,,,,0,,,,,,1,,,,,,,,,,,,,,9,1,5,1,2,0,0,3,,,2,3,1,0,2,,,,,,1,1,1,1,,,0,,,0.00,1,1,1,1
File,"D:\6611\chromium\31\src\third_party\npapi\npspy\windows\winentry.cpp",2,23,0,5,26,37,1,1,1,1,25,1,5,0,,,,0,,,,,,1,,,,,,,,,,,,,,68,4,7,3,4,37,17,3,,,4,5,3,0,2,,,,,,1,1,1,1,,,0,,,5.29,1,1,1,1
File,"D:\6611\chromium\31\src\tools\clang\empty_string\EmptyStringConverter.cpp",1,9,1,30,143,28,2,2,2,1,12,1,9,1,,,,4,,,,,,9,,,,,,,,,,,,,,200,30,135,56,60,28,0,8,,,70,107,58,0,49,,,,,,4,4,4,1,,,1,,,0.21,16,16,16,9
File,"D:\6611\chromium\31\src\tools\clang\plugins\ChromeClassTester.cpp",2,11,3,57,194,58,3,2,3,1,16,2,11,3,,,,0,,,,,,17,,,,,,,,,,,,,,307,57,189,46,127,58,0,5,,,99,144,38,0,106,,,,,,9,9,10,7,,,3,,,0.31,43,42,49,31
File,"D:\6611\chromium\31\src\tools\clang\plugins\FindBadConstructs.cpp",2,19,4,71,464,135,4,4,5,2,25,2,19,4,,,,2,,,,,,21,,,,,,,,,,,,,,668,71,453,141,296,135,0,11,,,181,277,83,0,194,,,,,,14,14,16,8,,,5,,,0.30,93,88,107,45
File,"D:\6611\chromium\31\src\tools\clang\plugins\tests\base_refcounted.cpp",0,2,0,17,55,8,1,1,1,1,3,0,2,0,,,,7,,,,,,9,,,,,,,,,,,,,,79,17,53,33,3,8,0,2,,,23,33,32,0,1,,,,,,1,1,1,1,,,0,,,0.15,9,9,9,9
File,"D:\6611\chromium\31\src\tools\clang\plugins\tests\inline_copy_ctor.cpp",0,0,0,1,1,3,0,0,0,0,0,0,0,0,,,,0,,,,,,0,,,,,,,,,,,,,,5,1,0,0,0,3,0,1,,,0,0,0,0,0,,,,,,0,0,0,0,,,0,,,0.00,0,0,0,0
File,"D:\6611\chromium\31\src\tools\clang\plugins\tests\inline_ctor.cpp",0,2,0,5,16,4,1,1,1,1,2,0,2,0,,,,1,,,,,,3,,,,,,,,,,,,,,25,5,13,8,1,4,0,3,,,6,9,8,0,1,,,,,,1,1,1,1,,,0,,,0.31,3,3,3,3
File,"D:\6611\chromium\31\src\tools\clang\plugins\tests\missing_ctor.cpp",0,5,0,5,14,4,1,1,1,1,5,0,5,0,,,,1,,,,,,1,,,,,,,,,,,,,,23,5,11,6,1,4,0,3,,,6,7,6,0,1,,,,,,1,1,1,1,,,0,,,0.36,1,1,1,1
File,"D:\6611\chromium\31\src\tools\clang\plugins\tests\nested_class_inline_ctor.cpp",0,0,0,1,1,3,0,0,0,0,0,0,0,0,,,,0,,,,,,0,,,,,,,,,,,,,,5,1,0,0,0,3,0,1,,,0,0,0,0,0,,,,,,0,0,0,0,,,0,,,0.00,0,0,0,0
File,"D:\6611\chromium\31\src\tools\clang\plugins\tests\overridden_methods.cpp",0,1,0,5,27,19,1,1,1,1,1,0,1,0,,,,2,,,,,,11,,,,,,,,,,,,,,49,5,26,20,1,19,0,1,,,9,20,20,0,0,,,,,,1,1,1,1,,,0,,,0.73,11,11,11,11
File,"D:\6611\chromium\31\src\tools\clang\plugins\tests\virtual_methods.cpp",0,1,0,6,24,6,1,1,1,1,1,0,1,0,,,,3,,,,,,8,,,,,,,,,,,,,,36,6,23,15,2,6,0,1,,,8,16,15,0,1,,,,,,1,1,1,1,,,0,,,0.26,8,8,8,8
File,"D:\6611\chromium\31\src\tools\clang\rewrite_scoped_array\RewriteScopedArray.cpp",1,14,1,13,73,11,2,2,3,1,17,1,14,1,,,,1,,,,,,3,,,,,,,,,,,,,,96,13,63,22,33,11,0,10,,,37,56,27,0,29,,,,,,3,3,4,3,,,1,,,0.17,7,7,8,5
File,"D:\6611\chromium\31\src\tools\clang\rewrite_scoped_ptr_ctor_null\RewriteScopedPtrCtorNull.cpp",1,8,1,31,142,26,2,2,2,1,10,1,8,1,,,,4,,,,,,10,,,,,,,,,,,,,,198,31,134,54,58,26,0,8,,,71,108,60,0,48,,,,,,3,3,3,1,,,1,,,0.19,15,15,15,10
File,"D:\6611\chromium\31\src\tools\measure_page_load_time\ie_bho\MeasurePageLoadTime.cpp",0,5,0,20,42,10,1,1,1,1,5,0,5,0,,,,1,,,,,,5,,,,,,,,,,,,,,72,20,33,11,9,10,2,9,,,10,19,12,0,7,,,,,,2,2,2,1,,,1,,,0.30,6,6,6,5
File,"D:\6611\chromium\31\src\tools\measure_page_load_time\ie_bho\MeasurePageLoadTimeBHO.cpp",11,41,14,56,174,68,7,7,8,3,65,11,41,14,,,,0,,,,,,4,,,,,,,,,,,,,,292,56,169,32,104,68,0,5,,,81,114,33,0,81,,,,,,18,18,19,9,,,5,,,0.40,28,28,31,12
Function,"DeleteLogger",,,,0,5,0,,,,,,,,,,,,,,,,,,,,,,,,,,,,,,,1,5,0,5,1,2,0,0,0,1,2,1,2,0,0,2,2,2,2,1,0,,,,,0,,1,0,,0.00,,,,
Public Virtual Function,"DerivedClass::SomeMethod",,,,0,1,0,,,,,,,,,,,,,,,,,,,,,,,,,,,,,,,0,1,0,1,1,0,0,0,0,0,1,0,0,0,0,0,1,1,1,1,0,,,,,0,,0,0,,0.00,,,,
Public Virtual Function,"DerivedClass::SomeOtherMethod",,,,0,1,0,,,,,,,,,,,,,,,,,,,,,,,,,,,,,,,0,1,0,1,1,0,0,0,0,0,1,0,0,0,0,0,1,1,1,1,0,,,,,0,,0,0,,0.00,,,,
Public Virtual Function,"DerivedClass::WebKitModifiedSomething",,,,0,1,0,,,,,,,,,,,,,,,,,,,,,,,,,,,,,,,0,1,0,1,1,0,0,0,0,0,1,0,0,0,0,0,1,1,1,1,0,,,,,0,,0,0,,0.00,,,,
Static Function,"DirPickDlgProc",,,,1,37,2,,,,,,,,,,,,,,,,,,,,,,,,,,,,,,,5,38,1,37,7,28,2,0,0,12,7,21,28,6,0,22,7,4,7,5,16,,,,,16,,3,16,,0.05,,,,
Function,"DllCanUnloadNow",,,,0,4,0,,,,,,,,,,,,,,,,,,,,,,,,,,,,,,,1,4,0,4,1,1,0,0,0,2,1,1,1,0,0,1,1,1,1,1,0,,,,,0,,0,0,,0.00,,,,
Function,"DllGetClassObject",,,,0,4,0,,,,,,,,,,,,,,,,,,,,,,,,,,,,,,,4,4,0,4,1,1,0,0,0,2,1,1,1,0,0,1,1,1,1,1,0,,,,,0,,0,0,,0.00,,,,
Function,"DllMain",,,,2,23,0,,,,,,,,,,,,,,,,,,,,,,,,,,,,,,,1,25,1,5,1,2,0,17,2,2,1,2,2,0,0,2,1,1,1,1,0,,,,,0,,0,0,,0.00,,,,
Function,"DllMain",,,,0,8,0,,,,,,,,,,,,,,,,,,,,,,,,,,,,,,,4,8,0,8,1,3,0,0,0,3,2,2,3,0,0,3,2,2,2,1,0,,,,,0,,1,0,,0.00,,,,
Function,"DllRegisterServer",,,,0,5,1,,,,,,,,,,,,,,,,,,,,,,,,,,,,,,,1,6,0,5,2,2,1,0,0,2,1,2,2,1,0,1,1,1,1,1,0,,,,,0,,0,0,,0.20,,,,
Function,"DllUnregisterServer",,,,0,5,0,,,,,,,,,,,,,,,,,,,,,,,,,,,,,,,1,5,0,5,2,2,0,0,0,2,1,2,2,1,0,1,1,1,1,1,0,,,,,0,,0,0,,0.00,,,,
Function,"DriveType",,,,3,9,6,,,,,,,,,,,,,,,,,,,,,,,,,,,,,,,2,18,3,9,3,6,6,0,0,2,2,5,6,2,0,4,2,2,3,1,1,,,,,0,,1,0,,0.67,,,,
Class,"EmptyStringConverter",0,11,1,3,30,3,1,1,1,1,13,0,11,1,0,5,0,,0,0,,,,,2,3,3,0,0,2,2,0,0,0,0,2,,36,3,30,17,16,3,0,0,,,,10,6,0,4,,,,,,1,1,1,1,,0,,,0,0.10,2,2,2,2
Class,"EmptyStringConverter",0,10,0,3,29,0,1,1,1,1,11,0,10,0,0,5,0,,0,0,,,,,2,3,3,0,0,2,2,0,0,0,0,2,,32,3,29,17,15,0,0,0,,,,11,7,0,4,,,,,,1,1,1,1,,0,,,0,0.00,2,2,2,2
Explicit Public Function,"EmptyStringConverter::EmptyStringConverter",,,,0,4,0,,,,,,,,,,,,,,,,,,,,,,,,,,,,,,,2,4,0,4,4,0,0,0,0,7,1,0,0,0,0,0,1,1,1,1,0,,,,,0,,0,0,,0.00,,,,
Explicit Public Function,"EmptyStringConverter::EmptyStringConverter",,,,0,4,0,,,,,,,,,,,,,,,,,,,,,,,,,,,,,,,2,4,0,4,4,0,0,0,0,7,1,0,0,0,0,0,1,1,1,1,0,,,,,0,,0,0,,0.00,,,,
Public Function,"EmptyStringConverter::SetupMatchers",,,,1,17,0,,,,,,,,,,,,,,,,,,,,,,,,,,,,,,,5,18,1,17,8,15,0,0,0,18,1,6,6,2,0,4,1,1,1,1,0,,,,,0,,0,0,,0.00,,,,
Public Function,"EmptyStringConverter::SetupMatchers",,,,1,18,3,,,,,,,,,,,,,,,,,,,,,,,,,,,,,,,5,22,1,18,8,16,3,0,0,18,1,5,5,1,0,4,1,1,1,1,0,,,,,0,,0,0,,0.17,,,,
Function,"EnsurePKCS12Init",,,,0,3,0,,,,,,,,,,,,,,,,,,,,,,,,,,,,,,,1,3,0,3,1,1,0,0,0,1,1,1,1,0,0,1,1,1,1,1,0,,,,,0,,0,0,,0.00,,,,
Function,"FilterPageProc",,,,1,17,0,,,,,,,,,,,,,,,,,,,,,,,,,,,,,,,4,18,1,17,1,12,0,0,0,3,4,7,11,0,0,11,4,2,4,4,8,,,,,8,,1,8,,0.00,,,,
Class,"FindBadConstructsAction",0,9,1,5,36,4,2,2,2,1,11,0,9,1,1,4,0,,0,0,,,,,3,3,3,0,0,3,3,0,0,0,2,1,,45,5,36,14,15,4,0,0,,,,20,8,0,12,,,,,,5,5,6,1,,1,,,0,0.11,7,7,8,3
Protected Virtual Function,"FindBadConstructsAction::CreateASTConsumer",,,,0,6,0,,,,,,,,,,,,,,,,,,,,,,,,,,,,,,,4,6,0,6,2,3,0,0,0,2,1,1,1,0,0,1,1,1,1,1,0,,,,,0,,0,0,,0.00,,,,
Public Function,"FindBadConstructsAction::FindBadConstructsAction",,,,0,5,0,,,,,,,,,,,,,,,,,,,,,,,,,,,,,,,0,5,0,5,4,0,0,0,0,4,1,0,0,0,0,0,1,1,1,1,0,,,,,0,,0,0,,0.00,,,,
Protected Virtual Function,"FindBadConstructsAction::ParseArgs",,,,2,17,3,,,,,,,,,,,,,,,,,,,,,,,,,,,,,,,1,22,2,17,4,12,3,0,0,6,5,9,13,2,0,11,5,5,6,1,3,,,,,0,,2,0,,0.18,,,,
Class,"FindBadConstructsConsumer",2,22,5,53,379,113,5,4,5,2,29,2,22,5,1,7,0,,3,0,,,,,13,11,11,0,0,16,30,0,0,14,0,2,,544,53,379,97,252,113,0,0,,,,232,59,0,173,,,,,,14,14,16,8,,1,,,86,0.30,81,76,94,38
Public Virtual Function,"FindBadConstructsConsumer::CheckChromeClass",,,,4,12,4,,,,,,,,,,,,,,,,,,,,,,,,,,,,,,,3,20,4,12,4,7,4,0,0,4,4,5,7,2,0,5,3,3,4,1,0,,,,,0,,1,0,,0.33,,,,
Private Function,"FindBadConstructsConsumer::CheckCtorDtorWeight",,,,6,64,24,,,,,,,,,,,,,,,,,,,,,,,,,,,,,,,4,94,6,64,8,50,24,0,0,25,181,24,37,6,0,31,14,14,16,1,4,,,,,0,,5,0,,0.38,,,,
Private Function,"FindBadConstructsConsumer::CheckOverriddenMethod",,,,4,22,3,,,,,,,,,,,,,,,,,,,,,,,,,,,,,,,3,29,4,22,8,18,3,0,0,18,5,10,14,4,0,10,5,5,7,4,4,,,,,3,,1,3,,0.14,,,,
Private Static Function,"FindBadConstructsConsumer::CheckRecordForRefcountIssue",,,,2,15,0,,,,,,,,,,,,,,,,,,,,,,,,,,,,,,,3,17,2,15,3,8,0,0,0,7,4,5,8,0,0,8,4,4,4,4,3,,,,,3,,2,3,,0.00,,,,
Private Function,"FindBadConstructsConsumer::CheckRefCountedDtors",,,,7,52,31,,,,,,,,,,,,,,,,,,,,,,,,,,,,,,,11,89,7,52,8,39,31,0,0,19,16,26,36,5,0,31,11,11,12,8,8,,,,,7,,2,7,,0.60,,,,
Private Function,"FindBadConstructsConsumer::CheckVirtualMethod",,,,2,26,2,,,,,,,,,,,,,,,,,,,,,,,,,,,,,,,4,30,2,26,5,18,2,0,0,17,13,8,14,3,0,11,7,7,9,1,1,,,,,0,,3,0,,0.08,,,,
Private Function,"FindBadConstructsConsumer::CheckVirtualMethods",,,,1,25,2,,,,,,,,,,,,,,,,,,,,,,,,,,,,,,,3,28,1,25,6,16,2,0,0,15,13,8,14,1,0,13,7,7,9,4,6,,,,,5,,3,4,,0.08,,,,
Private Function,"FindBadConstructsConsumer::CountType",,,,2,47,7,,,,,,,,,,,,,,,,,,,,,,,,,,,,,,,9,56,2,47,9,34,7,0,0,9,12,17,27,3,0,24,10,7,10,1,12,,,,,0,,3,0,,0.15,,,,
Private Function,"FindBadConstructsConsumer::DiagnosticForIssue",,,,0,11,0,,,,,,,,,,,,,,,,,,,,,,,,,,,,,,,4,11,0,11,1,8,0,0,0,2,4,4,8,0,0,8,4,2,5,1,6,,,,,0,,1,0,,0.00,,,,
Public Function,"FindBadConstructsConsumer::FindBadConstructsConsumer",,,,1,26,2,,,,,,,,,,,,,,,,,,,,,,,,,,,,,,,15,29,1,26,7,18,2,0,0,16,1,9,9,0,0,9,1,1,1,1,0,,,,,0,,0,0,,0.08,,,,
Private Static Function,"FindBadConstructsConsumer::HasPublicDtorCallback",,,,1,10,4,,,,,,,,,,,,,,,,,,,,,,,,,,,,,,,3,15,1,10,6,5,4,0,0,5,2,4,5,2,0,3,2,2,2,1,1,,,,,0,,1,0,,0.40,,,,
Private Function,"FindBadConstructsConsumer::InTestingNamespace",,,,0,3,0,,,,,,,,,,,,,,,,,,,,,,,,,,,,,,,4,3,0,3,1,1,0,0,0,3,1,1,1,0,0,1,1,1,1,1,0,,,,,0,,0,0,,0.00,,,,
Private Function,"FindBadConstructsConsumer::IsMethodInBannedOrTestingNamespace",,,,1,14,0,,,,,,,,,,,,,,,,,,,,,,,,,,,,,,,2,15,1,14,2,10,0,0,0,6,4,6,9,1,0,8,4,4,5,4,4,,,,,4,,2,4,,0.00,,,,
Private Static Function,"FindBadConstructsConsumer::IsRefCountedCallback",,,,4,21,5,,,,,,,,,,,,,,,,,,,,,,,,,,,,,,,2,30,4,21,10,14,5,0,0,9,4,7,10,4,0,6,4,4,5,4,3,,,,,3,,2,3,,0.24,,,,
Private Function,"FindBadConstructsConsumer::PrintInheritanceChain",,,,0,7,0,,,,,,,,,,,,,,,,,,,,,,,,,,,,,,,5,7,0,7,1,4,0,0,0,7,2,3,4,0,0,4,2,2,2,1,0,,,,,0,,1,0,,0.00,,,,
Private Function,"FindBadConstructsConsumer::getErrorLevel",,,,0,4,0,,,,,,,,,,,,,,,,,,,,,,,,,,,,,,,3,4,0,4,1,2,0,0,0,3,1,1,1,0,0,1,2,2,2,1,0,,,,,0,,0,0,,0.00,,,,
Class,"Foo",0,0,0,1,9,0,0,0,0,0,0,0,0,0,0,1,0,,0,0,,,,,0,0,0,0,0,0,0,0,0,0,0,0,,10,1,9,5,0,0,0,0,,,,4,4,0,0,,,,,,0,0,0,0,,0,,,0,0.00,0,0,0,0
Public Class,"Foo::BarInterface",0,1,0,0,4,0,1,1,1,1,1,0,1,0,0,0,0,,0,0,,,,,1,0,0,0,0,1,1,0,0,0,1,0,,4,0,4,2,0,0,0,0,,,,1,1,0,0,,,,,,1,1,1,1,,0,,,0,0.00,1,1,1,1
Protected Virtual Function,"Foo::BarInterface::~BarInterface",,,,0,1,0,,,,,,,,,,,,,,,,,,,,,,,,,,,,,,,0,1,0,1,1,0,0,0,0,1,1,0,0,0,0,0,1,1,1,1,0,,,,,0,,0,0,,0.00,,,,
Function,"FormatBOOLArgument",,,,1,7,0,,,,,,,,,,,,,,,,,,,,,,,,,,,,,,,5,8,1,7,1,4,0,0,0,2,2,3,4,0,0,4,3,3,3,1,1,,,,,0,,1,0,,0.00,,,,
Function,"FormatNPAPIError",,,,0,53,0,,,,,,,,,,,,,,,,,,,,,,,,,,,,,,,1,53,0,53,2,47,0,0,0,2,15,32,47,1,0,46,15,2,15,1,105,,,,,0,,1,0,,0.00,,,,
Function,"FormatNPAPIReason",,,,0,20,0,,,,,,,,,,,,,,,,,,,,,,,,,,,,,,,2,20,0,20,2,14,0,0,0,2,4,10,14,1,0,13,4,2,4,1,6,,,,,0,,1,0,,0.00,,,,
Function,"FormatNPNVariable",,,,0,29,0,,,,,,,,,,,,,,,,,,,,,,,,,,,,,,,2,29,0,29,2,23,0,0,0,2,7,16,23,1,0,22,7,2,7,1,21,,,,,0,,1,0,,0.00,,,,
Function,"FormatNPPVariable",,,,0,38,0,,,,,,,,,,,,,,,,,,,,,,,,,,,,,,,2,38,0,38,2,32,0,0,0,2,10,22,32,1,0,31,10,2,10,1,45,,,,,0,,1,0,,0.00,,,,
Function,"FormatPBOOLArgument",,,,1,7,0,,,,,,,,,,,,,,,,,,,,,,,,,,,,,,,6,8,1,7,1,4,0,0,0,2,2,3,4,0,0,4,3,3,3,1,1,,,,,0,,1,0,,0.00,,,,
Function,"FormatPCHARArgument",,,,1,10,0,,,,,,,,,,,,,,,,,,,,,,,,,,,,,,,7,11,1,10,1,7,0,0,0,2,3,4,6,0,0,6,3,3,3,1,2,,,,,0,,1,0,,0.00,,,,
Function,"GeneralPageProc",,,,1,14,0,,,,,,,,,,,,,,,,,,,,,,,,,,,,,,,4,15,1,14,1,9,0,0,0,2,3,5,8,0,0,8,3,2,3,1,4,,,,,0,,1,0,,0.00,,,,
Function,"GetPluginsDir",,,,11,23,2,,,,,,,,,,,,,,,,,,,,,,,,,,,,,,,1,36,5,8,1,5,0,17,6,3,2,4,5,0,0,5,2,2,2,1,1,,,,,0,,1,0,,0.00,,,,
Class,"ImplementationDerivedClass",0,1,0,0,15,14,1,1,1,1,1,0,1,0,2,0,0,,0,0,,,,,11,0,0,0,0,11,12,2,0,0,0,11,,27,0,15,12,0,14,0,0,,,,11,11,0,0,,,,,,1,1,1,1,,2,,,0,0.93,7,7,7,7
Public Virtual Const Function,"ImplementationDerivedClass::SomeConstMethod",,,,0,1,0,,,,,,,,,,,,,,,,,,,,,,,,,,,,,,,0,1,0,1,1,0,0,0,0,0,1,0,0,0,0,0,1,1,1,1,0,,,,,0,,0,0,,0.00,,,,
Public Virtual Const Function,"ImplementationDerivedClass::SomeConstMethodWithExceptionSpec",,,,0,1,0,,,,,,,,,,,,,,,,,,,,,,,,,,,,,,,0,1,0,1,1,0,0,0,0,0,1,0,0,0,0,0,1,1,1,1,0,,,,,0,,0,0,,0.00,,,,
Public Virtual Function,"ImplementationDerivedClass::SomeInlineMethod",,,,0,1,0,,,,,,,,,,,,,,,,,,,,,,,,,,,,,,,0,1,0,1,1,0,0,0,0,0,1,0,0,0,0,0,1,1,1,1,0,,,,,0,,0,0,,0.00,,,,
Public Virtual Function,"ImplementationDerivedClass::SomeMethodWithCommentAndBody",,,,0,1,1,,,,,,,,,,,,,,,,,,,,,,,,,,,,,,,0,1,0,1,1,0,1,0,0,0,1,0,0,0,0,0,1,1,1,1,0,,,,,0,,0,0,,1.00,,,,
Public Virtual Function,"ImplementationDerivedClass::SomeMethodWithExceptionSpec",,,,0,1,0,,,,,,,,,,,,,,,,,,,,,,,,,,,,,,,0,1,0,1,1,0,0,0,0,0,1,0,0,0,0,0,1,1,1,1,0,,,,,0,,0,0,,0.00,,,,
Public Virtual Function,"ImplementationDerivedClass::SomeNonPureBaseMethod",,,,0,1,0,,,,,,,,,,,,,,,,,,,,,,,,,,,,,,,0,1,0,1,1,0,0,0,0,0,1,0,0,0,0,0,1,1,1,1,0,,,,,0,,0,0,,0.00,,,,
Public Virtual Function,"ImplementationDerivedClass::~ImplementationDerivedClass",,,,0,1,0,,,,,,,,,,,,,,,,,,,,,,,,,,,,,,,0,1,0,1,1,0,0,0,0,1,1,0,0,0,0,0,1,1,1,1,0,,,,,0,,0,0,,0.00,,,,
Abstract Class,"ImplementationInterimClass",0,0,0,0,4,1,0,0,0,0,0,0,0,0,1,0,1,,0,0,,,,,1,0,0,0,0,1,1,0,0,0,0,1,,5,0,4,2,1,1,0,0,,,,1,1,0,0,,,,,,0,0,0,0,,1,,,0,0.25,0,0,0,0
Class,"InitializerCallback",0,5,0,3,17,0,1,1,1,1,6,0,5,0,1,2,0,,0,0,,,,,2,1,1,0,0,2,2,0,0,0,0,2,,20,3,17,10,7,0,0,0,,,,8,5,0,3,,,,,,2,2,2,1,,1,,,0,0.00,3,3,3,2
Class,"InitializerCallback",0,5,0,3,16,0,1,1,1,1,5,0,5,0,1,2,0,,0,0,,,,,2,1,1,0,0,2,2,0,0,0,0,2,,19,3,16,9,6,0,0,0,,,,8,5,0,3,,,,,,2,2,2,1,,1,,,0,0.00,3,3,3,2
Public Function,"InitializerCallback::InitializerCallback",,,,0,2,0,,,,,,,,,,,,,,,,,,,,,,,,,,,,,,,2,2,0,2,2,0,0,0,0,2,1,0,0,0,0,0,1,1,1,1,0,,,,,0,,0,0,,0.00,,,,
Public Function,"InitializerCallback::InitializerCallback",,,,0,2,0,,,,,,,,,,,,,,,,,,,,,,,,,,,,,,,2,2,0,2,2,0,0,0,0,2,1,0,0,0,0,0,1,1,1,1,0,,,,,0,,0,0,,0.00,,,,
Public Virtual Function,"InitializerCallback::run",,,,1,8,0,,,,,,,,,,,,,,,,,,,,,,,,,,,,,,,5,9,1,8,4,6,0,0,0,4,2,4,5,2,0,3,2,2,2,1,1,,,,,0,,1,0,,0.00,,,,
Public Virtual Function,"InitializerCallback::run",,,,1,9,0,,,,,,,,,,,,,,,,,,,,,,,,,,,,,,,4,10,1,9,5,7,0,0,0,4,2,4,5,2,0,3,2,2,2,1,1,,,,,0,,1,0,,0.00,,,,
Class,"InlineInCPPOK",0,1,0,1,8,0,1,1,1,1,1,0,1,0,0,1,0,,0,0,,,,,2,2,2,0,0,2,2,0,0,0,0,2,,9,1,8,5,0,0,0,0,,,,4,4,0,0,,,,,,1,1,1,1,,0,,,50,0.00,2,2,2,2
Public Function,"InlineInCPPOK::InlineInCPPOK",,,,0,1,0,,,,,,,,,,,,,,,,,,,,,,,,,,,,,,,1,1,0,1,1,0,0,0,0,3,1,0,0,0,0,0,1,1,1,1,0,,,,,0,,0,0,,0.00,,,,
Public Function,"InlineInCPPOK::~InlineInCPPOK",,,,0,1,0,,,,,,,,,,,,,,,,,,,,,,,,,,,,,,,1,1,0,1,1,0,0,0,0,1,1,0,0,0,0,0,1,1,1,1,0,,,,,0,,0,0,,0.00,,,,
Public Function,"InstanceList::InstanceList",,,,0,5,0,,,,,,,,,,,,,,,,,,,,,,,,,,,,,,,2,5,0,5,4,0,0,0,0,1,1,0,0,0,0,0,1,1,1,1,0,,,,,0,,0,0,,0.00,,,,
Public Function,"InstanceList::~InstanceList",,,,0,3,0,,,,,,,,,,,,,,,,,,,,,,,,,,,,,,,2,3,0,3,1,0,0,0,0,1,1,0,0,0,0,0,1,1,1,1,0,,,,,0,,0,0,,0.00,,,,
Function,"IsNullConstant",,,,0,5,0,,,,,,,,,,,,,,,,,,,,,,,,,,,,,,,7,5,0,5,1,3,0,0,0,2,1,1,1,0,0,1,1,1,1,1,0,,,,,0,,0,0,,0.00,,,,
Static Function Template,"Json::InRange",,,,0,3,0,,,,,,,,,,,,,,,,,,,,,,,,,,,,,,,3,3,0,3,1,1,0,0,0,1,1,1,1,0,0,1,1,1,2,1,0,,,,,0,,0,0,,0.00,,,,
Static Function,"Json::IsIntegral",,,,0,4,0,,,,,,,,,,,,,,,,,,,,,,,,,,,,,,,1,4,0,4,2,1,0,0,0,2,1,2,2,1,0,1,1,1,1,1,0,,,,,0,,0,0,,0.00,,,,
Static Function,"Json::duplicateStringValue",,,,2,14,2,,,,,,,,,,,,,,,,,,,,,,,,,,,,,,,4,18,2,14,4,10,2,0,0,5,4,7,9,1,0,8,3,3,3,1,0,,,,,0,,1,0,,0.14,,,,
Static Function,"Json::releaseStringValue",,,,0,6,0,,,,,,,,,,,,,,,,,,,,,,,,,,,,,,,1,6,0,6,2,2,0,0,0,1,2,1,2,0,0,2,2,2,2,1,0,,,,,0,,1,0,,0.00,,,,
Function,"LoadRealPlugin",,,,27,88,5,,,,,,,,,,,,,,,,,,,,,,,,,,,,,,,1,120,4,6,1,3,0,104,6,2,2,2,3,0,0,3,2,2,3,1,1,,,,,0,,1,0,,0.00,,,,
Function,"LogPageProc",,,,1,17,0,,,,,,,,,,,,,,,,,,,,,,,,,,,,,,,4,18,1,17,1,12,0,0,0,3,4,7,11,0,0,11,4,2,4,4,8,,,,,8,,1,8,,0.00,,,,
Public Function,"Logger::Logger",,,,2,21,0,,,,,,,,,,,,,,,,,,,,,,,,,,,,,,,0,23,2,21,9,10,0,0,0,3,4,9,11,1,0,10,3,3,3,1,1,,,,,0,,1,0,,0.00,,,,
Public Function,"Logger::Logger",,,,2,21,0,,,,,,,,,,,,,,,,,,,,,,,,,,,,,,,1,23,2,21,9,10,0,0,0,1,4,9,11,1,0,10,3,3,3,1,0,,,,,0,,1,0,,0.00,,,,
Public Function,"Logger::getMutedCalls",,,,0,4,0,,,,,,,,,,,,,,,,,,,,,,,,,,,,,,,0,4,0,4,1,1,0,0,0,1,1,1,1,0,0,1,1,1,1,1,0,,,,,0,,0,0,,0.00,,,,
Public Function,"Logger::getMutedCalls",,,,0,4,0,,,,,,,,,,,,,,,,,,,,,,,,,,,,,,,1,4,0,4,1,1,0,0,0,1,1,1,1,0,0,1,1,1,1,1,0,,,,,0,,0,0,,0.00,,,,
Public Function,"Logger::init",,,,1,6,0,,,,,,,,,,,,,,,,,,,,,,,,,,,,,,,0,7,1,6,1,3,0,0,0,2,2,2,3,0,0,3,2,2,2,1,0,,,,,0,,1,0,,0.00,,,,
Public Function,"Logger::init",,,,1,6,0,,,,,,,,,,,,,,,,,,,,,,,,,,,,,,,2,7,1,6,1,3,0,0,0,1,2,2,3,0,0,3,2,2,2,1,0,,,,,0,,1,0,,0.00,,,,
Public Function,"Logger::isMuted",,,,2,11,0,,,,,,,,,,,,,,,,,,,,,,,,,,,,,,,1,13,2,11,1,6,0,0,0,2,3,4,6,0,0,6,3,3,3,3,2,,,,,2,,1,2,,0.00,,,,
Public Function,"Logger::logCall",,,,5,15,0,,,,,,,,,,,,,,,,,,,,,,,,,,,,,,,8,20,5,15,3,11,0,0,0,8,9,8,12,2,0,10,5,5,5,1,1,,,,,0,,1,0,,0.00,,,,
Public Function,"Logger::logCall",,,,5,15,0,,,,,,,,,,,,,,,,,,,,,,,,,,,,,,,14,20,5,15,3,11,0,0,0,0,9,8,12,2,0,10,5,5,5,1,0,,,,,0,,1,0,,0.00,,,,
Public Function,"Logger::logCall",,,,5,15,0,,,,,,,,,,,,,,,,,,,,,,,,,,,,,,,44,20,5,15,3,11,0,0,0,0,9,8,12,2,0,10,5,5,5,1,0,,,,,0,,1,0,,0.00,,,,
Public Function,"Logger::logMessage",,,,2,9,0,,,,,,,,,,,,,,,,,,,,,,,,,,,,,,,2,11,2,9,1,6,0,0,0,3,8,3,6,0,0,6,4,4,4,1,0,,,,,0,,1,0,,0.00,,,,
Public Function,"Logger::logMessage",,,,2,9,0,,,,,,,,,,,,,,,,,,,,,,,,,,,,,,,1,11,2,9,1,6,0,0,0,0,8,3,6,0,0,6,4,4,4,1,0,,,,,0,,1,0,,0.00,,,,
Public Function,"Logger::logMessage",,,,2,9,0,,,,,,,,,,,,,,,,,,,,,,,,,,,,,,,0,11,2,9,1,6,0,0,0,0,8,3,6,0,0,6,4,4,4,1,0,,,,,0,,1,0,,0.00,,,,
Public Function,"Logger::logNS_NP_GetEntryPoints",,,,3,10,0,,,,,,,,,,,,,,,,,,,,,,,,,,,,,,,0,13,3,10,2,7,0,0,0,3,8,4,7,1,0,6,4,4,4,1,0,,,,,0,,1,0,,0.00,,,,
Public Function,"Logger::logNS_NP_GetEntryPoints",,,,3,10,0,,,,,,,,,,,,,,,,,,,,,,,,,,,,,,,1,13,3,10,2,7,0,0,0,0,8,4,7,1,0,6,4,4,4,1,0,,,,,0,,1,0,,0.00,,,,
Public Function,"Logger::logNS_NP_Initialize",,,,3,10,0,,,,,,,,,,,,,,,,,,,,,,,,,,,,,,,0,13,3,10,2,7,0,0,0,3,8,4,7,1,0,6,4,4,4,1,0,,,,,0,,1,0,,0.00,,,,
Public Function,"Logger::logNS_NP_Initialize",,,,3,10,0,,,,,,,,,,,,,,,,,,,,,,,,,,,,,,,1,13,3,10,2,7,0,0,0,0,8,4,7,1,0,6,4,4,4,1,0,,,,,0,,1,0,,0.00,,,,
Public Function,"Logger::logNS_NP_Shutdown",,,,3,10,0,,,,,,,,,,,,,,,,,,,,,,,,,,,,,,,0,13,3,10,2,7,0,0,0,3,8,4,7,1,0,6,4,4,4,1,0,,,,,0,,1,0,,0.00,,,,
Public Function,"Logger::logReturn",,,,1,8,0,,,,,,,,,,,,,,,,,,,,,,,,,,,,,,,2,9,1,8,2,4,0,0,0,3,2,4,5,1,0,4,2,2,2,1,1,,,,,0,,1,0,,0.00,,,,
Public Function,"Logger::logReturn",,,,1,8,0,,,,,,,,,,,,,,,,,,,,,,,,,,,,,,,11,9,1,8,2,4,0,0,0,0,2,4,5,1,0,4,2,2,2,1,0,,,,,0,,1,0,,0.00,,,,
Public Function,"Logger::logReturn",,,,1,8,0,,,,,,,,,,,,,,,,,,,,,,,,,,,,,,,30,9,1,8,2,4,0,0,0,0,2,4,5,1,0,4,2,2,2,1,0,,,,,0,,1,0,,0.00,,,,
Public Function,"Logger::logSPY_NP_GetEntryPoints",,,,26,112,0,,,,,,,,,,,,,,,,,,,,,,,,,,,,,,,17,138,26,112,5,100,0,0,0,4,4194312,102,125,2,0,123,24,24,24,1,17,,,,,0,,1,0,,0.00,,,,
Public Function,"Logger::logSPY_NP_GetEntryPoints",,,,26,112,0,,,,,,,,,,,,,,,,,,,,,,,,,,,,,,,1,138,26,112,5,100,0,0,0,0,4194312,102,125,2,0,123,24,24,24,1,0,,,,,0,,1,0,,0.00,,,,
Public Function,"Logger::logSPY_NP_Initialize",,,,3,10,0,,,,,,,,,,,,,,,,,,,,,,,,,,,,,,,1,13,3,10,2,7,0,0,0,0,8,4,7,1,0,6,4,4,4,1,0,,,,,0,,1,0,,0.00,,,,
Public Function,"Logger::logSPY_NP_Initialize",,,,3,10,0,,,,,,,,,,,,,,,,,,,,,,,,,,,,,,,0,13,3,10,2,7,0,0,0,3,8,4,7,1,0,6,4,4,4,1,0,,,,,0,,1,0,,0.00,,,,
Public Function,"Logger::logSPY_NP_Shutdown",,,,3,16,0,,,,,,,,,,,,,,,,,,,,,,,,,,,,,,,1,19,3,16,2,11,0,0,0,4,16,7,11,1,0,10,5,5,5,1,0,,,,,0,,1,0,,0.00,,,,
Public Function,"Logger::setMutedCalls",,,,0,5,0,,,,,,,,,,,,,,,,,,,,,,,,,,,,,,,1,5,0,5,2,2,0,0,0,0,2,3,4,1,0,3,2,2,2,1,0,,,,,0,,1,0,,0.00,,,,
Public Function,"Logger::setMutedCalls",,,,0,5,0,,,,,,,,,,,,,,,,,,,,,,,,,,,,,,,1,5,0,5,2,2,0,0,0,0,2,3,4,1,0,3,2,2,2,1,0,,,,,0,,1,0,,0.00,,,,
Public Function,"Logger::setOnTop",,,,0,4,0,,,,,,,,,,,,,,,,,,,,,,,,,,,,,,,1,4,0,4,1,1,0,0,0,0,1,1,1,0,0,1,1,1,1,1,0,,,,,0,,0,0,,0.00,,,,
Public Function,"Logger::setToFile",,,,7,31,1,,,,,,,,,,,,,,,,,,,,,,,,,,,,,,,2,39,7,31,3,20,1,0,0,5,17,12,19,2,0,17,8,8,10,4,4,,,,,3,,2,3,,0.03,,,,
Public Function,"Logger::setToFile",,,,7,31,1,,,,,,,,,,,,,,,,,,,,,,,,,,,,,,,1,39,7,31,3,20,1,0,0,0,17,12,19,2,0,17,8,8,10,4,3,,,,,3,,2,3,,0.03,,,,
Public Function,"Logger::shut",,,,0,4,0,,,,,,,,,,,,,,,,,,,,,,,,,,,,,,,0,4,0,4,1,1,0,0,0,1,1,1,1,0,0,1,1,1,1,1,0,,,,,0,,0,0,,0.00,,,,
Public Function,"Logger::shut",,,,0,4,0,,,,,,,,,,,,,,,,,,,,,,,,,,,,,,,1,4,0,4,1,1,0,0,0,0,1,1,1,0,0,1,1,1,1,1,0,,,,,0,,0,0,,0.00,,,,
Public Function,"Logger::~Logger",,,,0,3,0,,,,,,,,,,,,,,,,,,,,,,,,,,,,,,,0,3,0,3,1,0,0,0,0,1,1,0,0,0,0,0,1,1,1,1,0,,,,,0,,0,0,,0.00,,,,
Public Function,"Logger::~Logger",,,,0,3,0,,,,,,,,,,,,,,,,,,,,,,,,,,,,,,,2,3,0,3,1,0,0,0,0,1,1,0,0,0,0,0,1,1,1,1,0,,,,,0,,0,0,,0.00,,,,
Public Function,"LoggerWin::LoggerWin",,,,0,9,0,,,,,,,,,,,,,,,,,,,,,,,,,,,,,,,2,9,0,9,8,0,0,0,0,8,1,0,0,0,0,0,1,1,1,1,0,,,,,0,,0,0,,0.00,,,,
Public Function,"LoggerWin::dumpStringToMainWindow",,,,3,22,2,,,,,,,,,,,,,,,,,,,,,,,,,,,,,,,3,27,3,22,7,17,2,0,0,9,6,15,18,6,0,12,4,4,4,1,0,,,,,0,,2,0,,0.09,,,,
Public Function,"LoggerWin::onClear",,,,0,6,0,,,,,,,,,,,,,,,,,,,,,,,,,,,,,,,2,6,0,6,2,3,0,0,0,3,1,3,3,1,0,2,1,1,1,1,0,,,,,0,,0,0,,0.00,,,,
Public Function,"LoggerWin::onDestroyWindow",,,,0,4,0,,,,,,,,,,,,,,,,,,,,,,,,,,,,,,,1,4,0,4,1,1,0,0,0,1,1,1,1,0,0,1,1,1,1,1,0,,,,,0,,0,0,,0.00,,,,
Public Function,"LoggerWin::platformInit",,,,8,46,2,,,,,,,,,,,,,,,,,,,,,,,,,,,,,,,14,55,8,46,5,35,2,0,0,31,19,33,39,4,0,35,8,8,8,3,2,,,,,2,,2,2,,0.04,,,,
Public Function,"LoggerWin::platformShut",,,,5,21,0,,,,,,,,,,,,,,,,,,,,,,,,,,,,,,,7,26,5,21,6,14,0,0,0,14,3,14,16,5,0,11,3,3,3,1,0,,,,,0,,2,0,,0.00,,,,
Public Function,"LoggerWin::~LoggerWin",,,,0,3,0,,,,,,,,,,,,,,,,,,,,,,,,,,,,,,,1,3,0,3,1,0,0,0,0,2,1,0,0,0,0,0,1,1,1,1,0,,,,,0,,0,0,,0.00,,,,
Function,"MainDlgProc",,,,1,23,0,,,,,,,,,,,,,,,,,,,,,,,,,,,,,,,4,24,1,23,1,18,0,0,0,6,6,11,17,0,0,17,6,2,6,6,19,,,,,19,,1,19,,0.00,,,,
Public Function,"MiniDisassembler::Disassemble",,,,10,19,17,,,,,,,,,,,,,,,,,,,,,,,,,,,,,,,1,46,10,19,6,14,17,0,0,1,3,12,14,3,0,11,3,3,4,3,2,,,,,2,,1,2,,0.89,,,,
Public Function,"MiniDisassembler::Disassemble",,,,10,19,17,,,,,,,,,,,,,,,,,,,,,,,,,,,,,,,1,46,10,19,6,14,17,0,0,4,3,12,14,3,0,11,3,3,4,3,2,,,,,2,,1,2,,0.89,,,,
Public Function,"MiniDisassembler::Initialize",,,,0,11,0,,,,,,,,,,,,,,,,,,,,,,,,,,,,,,,0,11,0,11,1,9,0,0,0,0,1,9,9,0,0,9,1,1,1,1,0,,,,,0,,0,0,,0.00,,,,
Public Function,"MiniDisassembler::MiniDisassembler",,,,0,6,0,,,,,,,,,,,,,,,,,,,,,,,,,,,,,,,1,6,0,6,4,1,0,0,0,1,1,1,1,0,0,1,1,1,1,1,0,,,,,0,,0,0,,0.00,,,,
Public Function,"MiniDisassembler::MiniDisassembler",,,,0,6,0,,,,,,,,,,,,,,,,,,,,,,,,,,,,,,,2,6,0,6,4,1,0,0,0,2,1,1,1,0,0,1,1,1,1,1,0,,,,,0,,0,0,,0.00,,,,
Public Function,"MiniDisassembler::MiniDisassembler",,,,0,5,0,,,,,,,,,,,,,,,,,,,,,,,,,,,,,,,0,5,0,5,3,1,0,0,0,2,1,1,1,0,0,1,1,1,1,1,0,,,,,0,,0,0,,0.00,,,,
Public Function,"MiniDisassembler::ProcessModrm",,,,6,27,18,,,,,,,,,,,,,,,,,,,,,,,,,,,,,,,7,46,6,27,5,22,18,0,0,2,9,16,20,3,0,17,5,5,5,3,3,,,,,2,,1,2,,0.67,,,,
Public Function,"MiniDisassembler::ProcessOpcode",,,,8,53,22,,,,,,,,,,,,,,,,,,,,,,,,,,,,,,,19,81,8,53,8,42,22,0,0,3,23,28,38,4,0,34,11,11,15,7,9,,,,,7,,2,7,,0.42,,,,
Public Function,"MiniDisassembler::ProcessOperand",,,,8,91,56,,,,,,,,,,,,,,,,,,,,,,,,,,,,,,,1,120,8,91,2,87,56,0,0,1,22,40,82,1,0,81,41,7,41,1,105,,,,,0,,3,0,,0.62,,,,
Public Function,"MiniDisassembler::ProcessPrefixes",,,,4,26,2,,,,,,,,,,,,,,,,,,,,,,,,,,,,,,,5,31,4,26,4,21,2,0,0,1,9,13,20,2,0,18,7,5,7,4,3,,,,,1,,2,1,,0.08,,,,
Public Function,"MiniDisassembler::ProcessSib",,,,1,21,7,,,,,,,,,,,,,,,,,,,,,,,,,,,,,,,2,25,1,21,4,15,7,0,0,1,4,8,14,1,0,13,6,3,6,1,3,,,,,0,,2,0,,0.33,,,,
Class,"MissingInCPPOK",0,0,0,1,6,0,0,0,0,0,0,0,0,0,0,1,0,,0,0,,,,,0,2,2,0,0,0,0,0,0,0,0,0,,7,1,6,3,0,0,0,0,,,,2,2,0,0,,,,,,0,0,0,0,,0,,,0,0.00,0,0,0,0
Function,"NPN_CreateObject",,,,3,9,0,,,,,,,,,,,,,,,,,,,,,,,,,,,,,,,4,12,3,9,2,6,0,0,0,4,4,4,6,1,0,5,3,3,3,1,0,,,,,0,,1,0,,0.00,,,,
Function,"NPN_DestroyStream",,,,5,14,0,,,,,,,,,,,,,,,,,,,,,,,,,,,,,,,6,19,5,14,3,11,0,0,0,4,8,7,10,2,0,8,4,4,4,1,1,,,,,0,,1,0,,0.00,,,,
Function,"NPN_Enumerate",,,,3,9,0,,,,,,,,,,,,,,,,,,,,,,,,,,,,,,,6,12,3,9,2,6,0,0,0,4,4,4,6,1,0,5,3,3,3,1,0,,,,,0,,1,0,,0.00,,,,
Function,"NPN_Evaluate",,,,3,9,0,,,,,,,,,,,,,,,,,,,,,,,,,,,,,,,6,12,3,9,2,6,0,0,0,4,4,4,6,1,0,5,3,3,3,1,0,,,,,0,,1,0,,0.00,,,,
Function,"NPN_ForceRedraw",,,,1,6,0,,,,,,,,,,,,,,,,,,,,,,,,,,,,,,,3,7,1,6,1,3,0,0,0,2,2,2,3,0,0,3,2,2,2,1,0,,,,,0,,1,0,,0.00,,,,
Function,"NPN_GetIntIdentifier",,,,3,9,0,,,,,,,,,,,,,,,,,,,,,,,,,,,,,,,3,12,3,9,2,6,0,0,0,4,4,4,6,1,0,5,3,3,3,1,0,,,,,0,,1,0,,0.00,,,,
Function,"NPN_GetJavaEnv",,,,4,10,0,,,,,,,,,,,,,,,,,,,,,,,,,,,,,,,1,14,4,10,2,7,0,0,0,3,4,5,7,1,0,6,3,3,3,1,0,,,,,0,,1,0,,0.00,,,,
Function,"NPN_GetJavaPeer",,,,4,10,0,,,,,,,,,,,,,,,,,,,,,,,,,,,,,,,2,14,4,10,2,6,0,0,0,3,4,5,7,1,0,6,3,3,3,1,0,,,,,0,,1,0,,0.00,,,,
Function,"NPN_GetProperty",,,,2,7,0,,,,,,,,,,,,,,,,,,,,,,,,,,,,,,,6,9,2,7,2,4,0,0,0,3,2,3,4,1,0,3,2,2,2,1,0,,,,,0,,1,0,,0.00,,,,
Function,"NPN_GetStringIdentifier",,,,3,9,0,,,,,,,,,,,,,,,,,,,,,,,,,,,,,,,3,12,3,9,2,6,0,0,0,4,4,4,6,1,0,5,3,3,3,1,0,,,,,0,,1,0,,0.00,,,,
Function,"NPN_GetStringIdentifiers",,,,1,6,0,,,,,,,,,,,,,,,,,,,,,,,,,,,,,,,5,7,1,6,1,3,0,0,0,2,2,2,3,0,0,3,2,2,2,1,0,,,,,0,,1,0,,0.00,,,,
Function,"NPN_GetURL",,,,3,9,0,,,,,,,,,,,,,,,,,,,,,,,,,,,,,,,5,12,3,9,2,6,0,0,0,4,4,4,6,1,0,5,3,3,3,1,0,,,,,0,,1,0,,0.00,,,,
Function,"NPN_GetURLNotify",,,,5,14,0,,,,,,,,,,,,,,,,,,,,,,,,,,,,,,,7,19,5,14,3,11,0,0,0,4,8,7,10,2,0,8,4,4,4,1,1,,,,,0,,1,0,,0.00,,,,
Function,"NPN_GetValue",,,,4,10,0,,,,,,,,,,,,,,,,,,,,,,,,,,,,,,,5,14,4,10,2,7,0,0,0,4,4,5,7,1,0,6,3,3,3,1,0,,,,,0,,1,0,,0.00,,,,
Function,"NPN_HasMethod",,,,3,9,0,,,,,,,,,,,,,,,,,,,,,,,,,,,,,,,5,12,3,9,2,6,0,0,0,4,4,4,6,1,0,5,3,3,3,1,0,,,,,0,,1,0,,0.00,,,,
Function,"NPN_HasProperty",,,,3,9,0,,,,,,,,,,,,,,,,,,,,,,,,,,,,,,,5,12,3,9,2,6,0,0,0,4,4,4,6,1,0,5,3,3,3,1,0,,,,,0,,1,0,,0.00,,,,
Function,"NPN_IdentifierIsString",,,,3,9,0,,,,,,,,,,,,,,,,,,,,,,,,,,,,,,,3,12,3,9,2,6,0,0,0,4,4,4,6,1,0,5,3,3,3,1,0,,,,,0,,1,0,,0.00,,,,
Function,"NPN_IntFromIdentifier",,,,3,9,0,,,,,,,,,,,,,,,,,,,,,,,,,,,,,,,3,12,3,9,2,6,0,0,0,4,4,4,6,1,0,5,3,3,3,1,0,,,,,0,,1,0,,0.00,,,,
Function,"NPN_InvalidateRect",,,,1,6,0,,,,,,,,,,,,,,,,,,,,,,,,,,,,,,,4,7,1,6,1,3,0,0,0,2,2,2,3,0,0,3,2,2,2,1,0,,,,,0,,1,0,,0.00,,,,
Function,"NPN_InvalidateRegion",,,,1,6,0,,,,,,,,,,,,,,,,,,,,,,,,,,,,,,,4,7,1,6,1,3,0,0,0,2,2,2,3,0,0,3,2,2,2,1,0,,,,,0,,1,0,,0.00,,,,
Function,"NPN_Invoke",,,,3,9,0,,,,,,,,,,,,,,,,,,,,,,,,,,,,,,,8,12,3,9,2,6,0,0,0,4,4,4,6,1,0,5,3,3,3,1,0,,,,,0,,1,0,,0.00,,,,
Function,"NPN_InvokeDefault",,,,3,9,0,,,,,,,,,,,,,,,,,,,,,,,,,,,,,,,7,12,3,9,2,6,0,0,0,4,4,4,6,1,0,5,3,3,3,1,0,,,,,0,,1,0,,0.00,,,,
Function,"NPN_MemAlloc",,,,4,10,0,,,,,,,,,,,,,,,,,,,,,,,,,,,,,,,3,14,4,10,2,7,0,0,0,4,4,5,7,1,0,6,3,3,3,1,0,,,,,0,,1,0,,0.00,,,,
Function,"NPN_MemFlush",,,,3,9,0,,,,,,,,,,,,,,,,,,,,,,,,,,,,,,,3,12,3,9,2,6,0,0,0,4,4,4,6,1,0,5,3,3,3,1,0,,,,,0,,1,0,,0.00,,,,
Function,"NPN_MemFree",,,,1,6,0,,,,,,,,,,,,,,,,,,,,,,,,,,,,,,,3,7,1,6,1,3,0,0,0,2,2,2,3,0,0,3,2,2,2,1,0,,,,,0,,1,0,,0.00,,,,
Function,"NPN_NewStream",,,,5,14,0,,,,,,,,,,,,,,,,,,,,,,,,,,,,,,,7,19,5,14,3,11,0,0,0,4,8,7,10,2,0,8,4,4,4,1,1,,,,,0,,1,0,,0.00,,,,
Function,"NPN_PopPopupsEnabledState",,,,3,9,0,,,,,,,,,,,,,,,,,,,,,,,,,,,,,,,3,12,3,9,2,6,0,0,0,4,4,4,6,1,0,5,3,3,3,1,0,,,,,0,,1,0,,0.00,,,,
Function,"NPN_PostURL",,,,3,9,0,,,,,,,,,,,,,,,,,,,,,,,,,,,,,,,8,12,3,9,2,6,0,0,0,4,4,4,6,1,0,5,3,3,3,1,0,,,,,0,,1,0,,0.00,,,,
Function,"NPN_PostURLNotify",,,,5,14,0,,,,,,,,,,,,,,,,,,,,,,,,,,,,,,,10,19,5,14,3,11,0,0,0,4,8,7,10,2,0,8,4,4,4,1,1,,,,,0,,1,0,,0.00,,,,
Function,"NPN_PushPopupsEnabledState",,,,3,9,0,,,,,,,,,,,,,,,,,,,,,,,,,,,,,,,4,12,3,9,2,6,0,0,0,4,4,4,6,1,0,5,3,3,3,1,0,,,,,0,,1,0,,0.00,,,,
Function,"NPN_ReleaseObject",,,,1,6,0,,,,,,,,,,,,,,,,,,,,,,,,,,,,,,,3,7,1,6,1,3,0,0,0,2,2,2,3,0,0,3,2,2,2,1,0,,,,,0,,1,0,,0.00,,,,
Function,"NPN_ReleaseVariantValue",,,,1,6,0,,,,,,,,,,,,,,,,,,,,,,,,,,,,,,,3,7,1,6,1,3,0,0,0,2,2,2,3,0,0,3,2,2,2,1,0,,,,,0,,1,0,,0.00,,,,
Function,"NPN_ReloadPlugins",,,,1,6,0,,,,,,,,,,,,,,,,,,,,,,,,,,,,,,,3,7,1,6,1,3,0,0,0,2,2,2,3,0,0,3,2,2,2,1,0,,,,,0,,1,0,,0.00,,,,
Function,"NPN_RemoveProperty",,,,2,7,0,,,,,,,,,,,,,,,,,,,,,,,,,,,,,,,5,9,2,7,2,4,0,0,0,3,2,3,4,1,0,3,2,2,2,1,0,,,,,0,,1,0,,0.00,,,,
Function,"NPN_RequestRead",,,,3,9,0,,,,,,,,,,,,,,,,,,,,,,,,,,,,,,,4,12,3,9,2,6,0,0,0,4,4,4,6,1,0,5,3,3,3,1,0,,,,,0,,1,0,,0.00,,,,
Function,"NPN_RetainObject",,,,2,7,0,,,,,,,,,,,,,,,,,,,,,,,,,,,,,,,3,9,2,7,2,4,0,0,0,3,2,3,4,1,0,3,2,2,2,1,0,,,,,0,,1,0,,0.00,,,,
Function,"NPN_SetException",,,,1,6,0,,,,,,,,,,,,,,,,,,,,,,,,,,,,,,,4,7,1,6,1,3,0,0,0,2,2,2,3,0,0,3,2,2,2,1,0,,,,,0,,1,0,,0.00,,,,
Function,"NPN_SetProperty",,,,2,7,0,,,,,,,,,,,,,,,,,,,,,,,,,,,,,,,6,9,2,7,2,4,0,0,0,3,2,3,4,1,0,3,2,2,2,1,0,,,,,0,,1,0,,0.00,,,,
Function,"NPN_SetValue",,,,4,10,0,,,,,,,,,,,,,,,,,,,,,,,,,,,,,,,5,14,4,10,2,7,0,0,0,4,4,5,7,1,0,6,3,3,3,1,0,,,,,0,,1,0,,0.00,,,,
Function,"NPN_Status",,,,1,6,0,,,,,,,,,,,,,,,,,,,,,,,,,,,,,,,4,7,1,6,1,3,0,0,0,2,2,2,3,0,0,3,2,2,2,1,0,,,,,0,,1,0,,0.00,,,,
Function,"NPN_UTF8FromIdentifier",,,,3,9,0,,,,,,,,,,,,,,,,,,,,,,,,,,,,,,,3,12,3,9,2,6,0,0,0,4,4,4,6,1,0,5,3,3,3,1,0,,,,,0,,1,0,,0.00,,,,
Function,"NPN_UserAgent",,,,4,10,0,,,,,,,,,,,,,,,,,,,,,,,,,,,,,,,3,14,4,10,2,7,0,0,0,4,4,5,7,1,0,6,3,3,3,1,0,,,,,0,,1,0,,0.00,,,,
Function,"NPN_Version",,,,2,11,0,,,,,,,,,,,,,,,,,,,,,,,,,,,,,,,7,13,2,11,1,8,0,0,0,8,4,6,8,0,0,8,3,3,3,1,0,,,,,0,,1,0,,0.00,,,,
Function,"NPN_Write",,,,5,14,0,,,,,,,,,,,,,,,,,,,,,,,,,,,,,,,7,19,5,14,3,11,0,0,0,4,8,7,10,2,0,8,4,4,4,1,1,,,,,0,,1,0,,0.00,,,,
Public Function,"NPPEntryPointManager::NPPEntryPointManager",,,,0,4,0,,,,,,,,,,,,,,,,,,,,,,,,,,,,,,,0,4,0,4,3,0,0,0,0,1,1,0,0,0,0,0,1,1,1,1,0,,,,,0,,0,0,,0.00,,,,
Public Function,"NPPEntryPointManager::NPPEntryPointManager",,,,0,4,0,,,,,,,,,,,,,,,,,,,,,,,,,,,,,,,1,4,0,4,3,0,0,0,0,1,1,0,0,0,0,0,1,1,1,1,0,,,,,0,,0,0,,0.00,,,,
Public Function,"NPPEntryPointManager::callNPP_Destroy",,,,7,34,3,,,,,,,,,,,,,,,,,,,,,,,,,,,,,,,9,44,7,34,6,23,3,0,0,6,22,18,25,5,0,20,8,8,9,5,7,,,,,6,,5,4,,0.09,,,,
Public Function,"NPPEntryPointManager::callNPP_Destroy",,,,7,34,3,,,,,,,,,,,,,,,,,,,,,,,,,,,,,,,1,44,7,34,6,23,3,0,0,1,22,18,25,5,0,20,8,8,9,5,4,,,,,4,,5,4,,0.09,,,,
Public Function,"NPPEntryPointManager::callNPP_DestroyStream",,,,1,7,0,,,,,,,,,,,,,,,,,,,,,,,,,,,,,,,4,8,1,7,2,4,0,0,0,3,2,3,4,1,0,3,2,2,3,1,1,,,,,0,,1,0,,0.00,,,,
Public Function,"NPPEntryPointManager::callNPP_DestroyStream",,,,1,7,0,,,,,,,,,,,,,,,,,,,,,,,,,,,,,,,1,8,1,7,2,4,0,0,0,1,2,3,4,1,0,3,2,2,3,1,0,,,,,0,,1,0,,0.00,,,,
Public Function,"NPPEntryPointManager::callNPP_GetValue",,,,1,7,0,,,,,,,,,,,,,,,,,,,,,,,,,,,,,,,4,8,1,7,2,4,0,0,0,3,2,3,4,1,0,3,2,2,3,1,1,,,,,0,,1,0,,0.00,,,,
Public Function,"NPPEntryPointManager::callNPP_GetValue",,,,1,7,0,,,,,,,,,,,,,,,,,,,,,,,,,,,,,,,1,8,1,7,2,4,0,0,0,1,2,3,4,1,0,3,2,2,3,1,0,,,,,0,,1,0,,0.00,,,,
Public Function,"NPPEntryPointManager::callNPP_HandleEvent",,,,1,7,0,,,,,,,,,,,,,,,,,,,,,,,,,,,,,,,3,8,1,7,2,4,0,0,0,3,2,3,4,1,0,3,2,2,3,1,1,,,,,0,,1,0,,0.00,,,,
Public Function,"NPPEntryPointManager::callNPP_HandleEvent",,,,1,7,0,,,,,,,,,,,,,,,,,,,,,,,,,,,,,,,1,8,1,7,2,4,0,0,0,1,2,3,4,1,0,3,2,2,3,1,0,,,,,0,,1,0,,0.00,,,,
Public Function,"NPPEntryPointManager::callNPP_New",,,,6,19,2,,,,,,,,,,,,,,,,,,,,,,,,,,,,,,,12,27,6,19,5,12,2,0,0,6,6,11,14,4,0,10,4,4,5,3,3,,,,,3,,2,2,,0.11,,,,
Public Function,"NPPEntryPointManager::callNPP_New",,,,6,19,2,,,,,,,,,,,,,,,,,,,,,,,,,,,,,,,1,27,6,19,5,12,2,0,0,1,6,11,14,4,0,10,4,4,5,3,2,,,,,2,,2,2,,0.11,,,,
Public Function,"NPPEntryPointManager::callNPP_NewStream",,,,1,7,0,,,,,,,,,,,,,,,,,,,,,,,,,,,,,,,6,8,1,7,2,4,0,0,0,3,2,3,4,1,0,3,2,2,3,1,1,,,,,0,,1,0,,0.00,,,,
Public Function,"NPPEntryPointManager::callNPP_NewStream",,,,1,7,0,,,,,,,,,,,,,,,,,,,,,,,,,,,,,,,1,8,1,7,2,4,0,0,0,1,2,3,4,1,0,3,2,2,3,1,0,,,,,0,,1,0,,0.00,,,,
Public Function,"NPPEntryPointManager::callNPP_Print",,,,1,7,0,,,,,,,,,,,,,,,,,,,,,,,,,,,,,,,3,8,1,7,2,4,0,0,0,2,2,3,4,1,0,3,2,2,3,1,1,,,,,0,,1,0,,0.00,,,,
Public Function,"NPPEntryPointManager::callNPP_Print",,,,1,7,0,,,,,,,,,,,,,,,,,,,,,,,,,,,,,,,1,8,1,7,2,4,0,0,0,0,2,3,4,1,0,3,2,2,3,1,0,,,,,0,,1,0,,0.00,,,,
Public Function,"NPPEntryPointManager::callNPP_SetValue",,,,1,7,0,,,,,,,,,,,,,,,,,,,,,,,,,,,,,,,4,8,1,7,2,4,0,0,0,3,2,3,4,1,0,3,2,2,3,1,1,,,,,0,,1,0,,0.00,,,,
Public Function,"NPPEntryPointManager::callNPP_SetValue",,,,1,7,0,,,,,,,,,,,,,,,,,,,,,,,,,,,,,,,1,8,1,7,2,4,0,0,0,1,2,3,4,1,0,3,2,2,3,1,0,,,,,0,,1,0,,0.00,,,,
Public Function,"NPPEntryPointManager::callNPP_SetWindow",,,,1,7,0,,,,,,,,,,,,,,,,,,,,,,,,,,,,,,,3,8,1,7,2,4,0,0,0,3,2,3,4,1,0,3,2,2,3,1,1,,,,,0,,1,0,,0.00,,,,
Public Function,"NPPEntryPointManager::callNPP_SetWindow",,,,1,7,0,,,,,,,,,,,,,,,,,,,,,,,,,,,,,,,1,8,1,7,2,4,0,0,0,1,2,3,4,1,0,3,2,2,3,1,0,,,,,0,,1,0,,0.00,,,,
Public Function,"NPPEntryPointManager::callNPP_StreamAsFile",,,,1,7,0,,,,,,,,,,,,,,,,,,,,,,,,,,,,,,,4,8,1,7,2,4,0,0,0,2,2,3,4,1,0,3,2,2,3,1,1,,,,,0,,1,0,,0.00,,,,
Public Function,"NPPEntryPointManager::callNPP_StreamAsFile",,,,1,7,0,,,,,,,,,,,,,,,,,,,,,,,,,,,,,,,1,8,1,7,2,4,0,0,0,0,2,3,4,1,0,3,2,2,3,1,0,,,,,0,,1,0,,0.00,,,,
Public Function,"NPPEntryPointManager::callNPP_URLNotify",,,,1,7,0,,,,,,,,,,,,,,,,,,,,,,,,,,,,,,,5,8,1,7,2,4,0,0,0,2,2,3,4,1,0,3,2,2,3,1,1,,,,,0,,1,0,,0.00,,,,
Public Function,"NPPEntryPointManager::callNPP_URLNotify",,,,1,7,0,,,,,,,,,,,,,,,,,,,,,,,,,,,,,,,1,8,1,7,2,4,0,0,0,0,2,3,4,1,0,3,2,2,3,1,0,,,,,0,,1,0,,0.00,,,,
Public Function,"NPPEntryPointManager::callNPP_Write",,,,1,7,0,,,,,,,,,,,,,,,,,,,,,,,,,,,,,,,6,8,1,7,2,4,0,0,0,3,2,3,4,1,0,3,2,2,3,1,1,,,,,0,,1,0,,0.00,,,,
Public Function,"NPPEntryPointManager::callNPP_Write",,,,1,7,0,,,,,,,,,,,,,,,,,,,,,,,,,,,,,,,1,8,1,7,2,4,0,0,0,1,2,3,4,1,0,3,2,2,3,1,0,,,,,0,,1,0,,0.00,,,,
Public Function,"NPPEntryPointManager::callNPP_WriteReady",,,,1,7,0,,,,,,,,,,,,,,,,,,,,,,,,,,,,,,,3,8,1,7,2,4,0,0,0,3,2,3,4,1,0,3,2,2,3,1,1,,,,,0,,1,0,,0.00,,,,
Public Function,"NPPEntryPointManager::callNPP_WriteReady",,,,1,7,0,,,,,,,,,,,,,,,,,,,,,,,,,,,,,,,1,8,1,7,2,4,0,0,0,1,2,3,4,1,0,3,2,2,3,1,0,,,,,0,,1,0,,0.00,,,,
Public Function,"NPPEntryPointManager::callNP_Shutdown",,,,0,18,1,,,,,,,,,,,,,,,,,,,,,,,,,,,,,,,8,18,0,18,3,7,1,0,0,2,5,7,11,2,0,9,5,5,5,1,0,,,,,0,,4,0,,0.06,,,,
Public Function,"NPPEntryPointManager::callNP_Shutdown",,,,0,18,1,,,,,,,,,,,,,,,,,,,,,,,,,,,,,,,1,18,0,18,3,7,1,0,0,0,5,7,11,2,0,9,5,5,5,1,0,,,,,0,,4,0,,0.06,,,,
Public Function,"NPPEntryPointManager::callNP_ShutdownAll",,,,0,12,1,,,,,,,,,,,,,,,,,,,,,,,,,,,,,,,4,12,0,12,2,5,1,0,0,2,3,5,7,1,0,6,3,3,3,1,0,,,,,0,,2,0,,0.08,,,,
Public Function,"NPPEntryPointManager::callNP_ShutdownAll",,,,0,12,1,,,,,,,,,,,,,,,,,,,,,,,,,,,,,,,1,12,0,12,2,5,1,0,0,0,3,5,7,1,0,6,3,3,3,1,0,,,,,0,,2,0,,0.08,,,,
Public Function,"NPPEntryPointManager::createEntryPointsForPlugin",,,,6,29,0,,,,,,,,,,,,,,,,,,,,,,,,,,,,,,,20,35,6,29,2,24,0,0,0,21,3,22,24,1,0,23,3,3,3,1,1,,,,,0,,1,0,,0.00,,,,
Public Function,"NPPEntryPointManager::createEntryPointsForPlugin",,,,6,29,0,,,,,,,,,,,,,,,,,,,,,,,,,,,,,,,1,35,6,29,2,24,0,0,0,0,3,22,24,1,0,23,3,3,3,1,0,,,,,0,,1,0,,0.00,,,,
Public Function,"NPPEntryPointManager::findEntryPointsForInstance",,,,1,12,0,,,,,,,,,,,,,,,,,,,,,,,,,,,,,,,17,13,1,12,3,5,0,0,0,1,4,6,9,2,0,7,4,4,4,4,5,,,,,5,,3,5,,0.00,,,,
Public Function,"NPPEntryPointManager::findEntryPointsForPlugin",,,,1,9,0,,,,,,,,,,,,,,,,,,,,,,,,,,,,,,,4,10,1,9,2,4,0,0,0,2,3,4,6,1,0,5,3,3,3,3,3,,,,,3,,2,3,,0.00,,,,
Public Function,"NPPEntryPointManager::findEntryPointsForPlugin",,,,1,9,0,,,,,,,,,,,,,,,,,,,,,,,,,,,,,,,1,10,1,9,2,4,0,0,0,1,3,4,6,1,0,5,3,3,3,3,3,,,,,3,,2,3,,0.00,,,,
Public Function,"NPPEntryPointManager::removeEntryPointsForPlugin",,,,4,19,0,,,,,,,,,,,,,,,,,,,,,,,,,,,,,,,4,23,4,19,4,12,0,0,0,4,4,10,13,3,0,10,4,4,4,3,3,,,,,3,,3,2,,0.00,,,,
Public Function,"NPPEntryPointManager::removeEntryPointsForPlugin",,,,4,19,0,,,,,,,,,,,,,,,,,,,,,,,,,,,,,,,1,23,4,19,4,12,0,0,0,0,4,10,13,3,0,10,4,4,4,3,2,,,,,2,,3,2,,0.00,,,,
Public Function,"NPPEntryPointManager::~NPPEntryPointManager",,,,1,15,0,,,,,,,,,,,,,,,,,,,,,,,,,,,,,,,3,16,1,15,5,8,0,0,0,3,3,10,12,4,2,6,3,3,3,1,0,,,,,0,,2,0,,0.00,,,,
Public Function,"NPPEntryPointManager::~NPPEntryPointManager",,,,1,15,0,,,,,,,,,,,,,,,,,,,,,,,,,,,,,,,1,16,1,15,5,8,0,0,0,1,3,10,12,4,2,6,3,3,3,1,0,,,,,0,,2,0,,0.00,,,,
Function,"NPP_Destroy",,,,9,21,1,,,,,,,,,,,,,,,,,,,,,,,,,,,,,,,5,31,9,21,4,16,1,0,0,7,10,11,16,3,0,13,6,6,7,3,2,,,,,2,,1,2,,0.05,,,,
Function,"NPP_DestroyStream",,,,5,13,0,,,,,,,,,,,,,,,,,,,,,,,,,,,,,,,5,18,5,13,2,10,0,0,0,4,6,6,10,1,0,9,5,5,5,3,2,,,,,2,,1,2,,0.00,,,,
Function,"NPP_GetJavaClass",,,,1,8,0,,,,,,,,,,,,,,,,,,,,,,,,,,,,,,,1,9,1,8,1,5,0,0,0,3,4,3,5,0,0,5,3,3,3,1,0,,,,,0,,1,0,,0.00,,,,
Function,"NPP_GetValue",,,,5,13,0,,,,,,,,,,,,,,,,,,,,,,,,,,,,,,,5,18,5,13,2,10,0,0,0,4,6,6,10,1,0,9,5,5,5,3,2,,,,,2,,1,2,,0.00,,,,
Function,"NPP_HandleEvent",,,,5,13,0,,,,,,,,,,,,,,,,,,,,,,,,,,,,,,,4,18,5,13,2,10,0,0,0,4,6,6,10,1,0,9,5,5,5,3,2,,,,,2,,1,2,,0.00,,,,
Function,"NPP_New",,,,18,92,8,,,,,,,,,,,,,,,,,,,,,,,,,,,,,,,12,118,18,92,13,78,8,0,0,57,30,68,79,6,0,73,12,12,12,8,10,,,,,10,,2,10,,0.09,,,,
Function,"NPP_NewStream",,,,5,17,0,,,,,,,,,,,,,,,,,,,,,,,,,,,,,,,7,22,5,17,6,10,0,0,0,4,6,6,10,1,0,9,5,5,5,3,2,,,,,2,,1,2,,0.00,,,,
Function,"NPP_Print",,,,2,8,0,,,,,,,,,,,,,,,,,,,,,,,,,,,,,,,4,10,2,8,1,5,0,0,0,2,3,3,5,0,0,5,3,3,3,1,1,,,,,0,,1,0,,0.00,,,,
Function,"NPP_SetValue",,,,5,13,0,,,,,,,,,,,,,,,,,,,,,,,,,,,,,,,5,18,5,13,2,10,0,0,0,4,6,6,10,1,0,9,5,5,5,3,2,,,,,2,,1,2,,0.00,,,,
Function,"NPP_SetWindow",,,,5,13,0,,,,,,,,,,,,,,,,,,,,,,,,,,,,,,,4,18,5,13,2,10,0,0,0,4,6,6,10,1,0,9,5,5,5,3,2,,,,,2,,1,2,,0.00,,,,
Function,"NPP_StreamAsFile",,,,3,10,0,,,,,,,,,,,,,,,,,,,,,,,,,,,,,,,5,13,3,10,1,7,0,0,0,2,4,4,7,0,0,7,4,4,4,3,2,,,,,2,,1,2,,0.00,,,,
Function,"NPP_URLNotify",,,,3,10,0,,,,,,,,,,,,,,,,,,,,,,,,,,,,,,,6,13,3,10,1,7,0,0,0,2,4,4,7,0,0,7,4,4,4,3,2,,,,,2,,1,2,,0.00,,,,
Function,"NPP_Write",,,,5,13,0,,,,,,,,,,,,,,,,,,,,,,,,,,,,,,,7,18,5,13,2,10,0,0,0,4,6,6,10,1,0,9,5,5,5,3,2,,,,,2,,1,2,,0.00,,,,
Function,"NPP_WriteReady",,,,5,13,0,,,,,,,,,,,,,,,,,,,,,,,,,,,,,,,4,18,5,13,2,10,0,0,0,4,6,6,10,1,0,9,5,5,5,3,2,,,,,2,,1,2,,0.00,,,,
Function,"NP_GetEntryPoints",,,,5,34,1,,,,,,,,,,,,,,,,,,,,,,,,,,,,,,,3,40,5,34,1,27,1,0,0,22,18,22,27,0,0,27,6,6,6,3,2,,,,,2,,2,2,,0.03,,,,
Function,"NP_Initialize",,,,8,73,17,,,,,,,,,,,,,,,,,,,,,,,,,,,,,,,47,98,8,73,1,63,17,0,0,55,24,57,63,0,0,63,7,7,7,4,3,,,,,3,,2,3,,0.23,,,,
Function,"NP_Shutdown",,,,3,14,2,,,,,,,,,,,,,,,,,,,,,,,,,,,,,,,2,18,3,14,1,9,2,0,0,7,4,7,9,0,0,9,3,3,3,1,0,,,,,0,,1,0,,0.14,,,,
Function,"NewLogger",,,,0,5,0,,,,,,,,,,,,,,,,,,,,,,,,,,,,,,,0,5,0,5,2,2,0,0,0,2,1,2,2,1,0,1,1,1,1,1,0,,,,,0,,0,0,,0.00,,,,
Class,"PKCS12InitSingleton",1,10,4,1,13,6,1,1,1,1,15,1,10,4,0,0,0,,0,0,,,,,1,0,0,0,0,1,1,0,0,0,0,1,,20,1,13,2,8,6,0,0,,,,9,1,0,8,,,,,,1,1,1,1,,0,,,0,0.46,1,1,1,1
Public Function,"PKCS12InitSingleton::PKCS12InitSingleton",,,,1,10,4,,,,,,,,,,,,,,,,,,,,,,,,,,,,,,,0,15,1,10,1,8,4,0,0,4,1,8,8,0,0,8,1,1,1,1,0,,,,,0,,0,0,,0.40,,,,
Public Function,"Path::Path",,,,0,15,0,,,,,,,,,,,,,,,,,,,,,,,,,,,,,,,6,15,0,15,7,6,0,0,0,3,1,7,7,1,0,6,1,1,1,1,0,,,,,0,,0,0,,0.00,,,,
Public Function,"Path::addPathInArg",,,,0,17,2,,,,,,,,,,,,,,,,,,,,,,,,,,,,,,,4,19,0,17,5,4,2,0,0,2,3,1,3,0,0,3,3,3,3,1,2,,,,,0,,1,0,,0.12,,,,
Public Function,"Path::invalidPath",,,,0,5,1,,,,,,,,,,,,,,,,,,,,,,,,,,,,,,,0,6,0,5,3,0,1,0,0,0,1,0,0,0,0,0,1,1,1,1,0,,,,,0,,0,0,,0.20,,,,
Public Const Function,"Path::make",,,,0,24,2,,,,,,,,,,,,,,,,,,,,,,,,,,,,,,,6,26,0,24,4,10,2,0,0,7,6,7,12,2,0,10,6,6,6,1,1,,,,,0,,3,0,,0.08,,,,
Public Function,"Path::makePath",,,,0,42,0,,,,,,,,,,,,,,,,,,,,,,,,,,,,,,,4,42,0,42,7,25,0,0,0,8,11,17,25,4,1,20,9,9,13,1,4,,,,,0,,4,0,,0.00,,,,
Public Const Function,"Path::resolve",,,,0,27,3,,,,,,,,,,,,,,,,,,,,,,,,,,,,,,,7,30,0,27,4,11,3,0,0,8,8,7,13,2,0,11,7,7,8,1,1,,,,,0,,3,0,,0.11,,,,
Public Const Function,"Path::resolve",,,,0,25,0,,,,,,,,,,,,,,,,,,,,,,,,,,,,,,,8,25,0,25,5,14,0,0,0,8,7,10,16,2,0,14,7,7,8,7,15,,,,,15,,3,15,,0.00,,,,
Public Function,"PathArgument::PathArgument",,,,0,6,0,,,,,,,,,,,,,,,,,,,,,,,,,,,,,,,0,6,0,6,5,0,0,0,0,1,1,0,0,0,0,0,1,1,1,1,0,,,,,0,,0,0,,0.00,,,,
Public Function,"PathArgument::PathArgument",,,,0,6,0,,,,,,,,,,,,,,,,,,,,,,,,,,,,,,,1,6,0,6,5,0,0,0,0,1,1,0,0,0,0,0,1,1,1,1,0,,,,,0,,0,0,,0.00,,,,
Public Function,"PathArgument::PathArgument",,,,0,6,0,,,,,,,,,,,,,,,,,,,,,,,,,,,,,,,1,6,0,6,5,0,0,0,0,1,1,0,0,0,0,0,1,1,1,1,0,,,,,0,,0,0,,0.00,,,,
Public Function,"PathArgument::PathArgument",,,,0,6,0,,,,,,,,,,,,,,,,,,,,,,,,,,,,,,,1,6,0,6,5,0,0,0,0,2,1,0,0,0,0,0,1,1,1,1,0,,,,,0,,0,0,,0.00,,,,
Function,"PauseDlgProc",,,,1,17,0,,,,,,,,,,,,,,,,,,,,,,,,,,,,,,,4,18,1,17,1,12,0,0,0,4,4,7,11,0,0,11,4,2,4,4,8,,,,,8,,1,8,,0.00,,,,
Function,"PickupDirectory",,,,0,7,0,,,,,,,,,,,,,,,,,,,,,,,,,,,,,,,3,7,0,7,2,4,0,0,0,4,2,3,4,1,0,3,2,2,2,1,0,,,,,0,,1,0,,0.00,,,,
Public Function,"PluginEntryPointList::PluginEntryPointList",,,,0,9,0,,,,,,,,,,,,,,,,,,,,,,,,,,,,,,,1,9,0,9,4,4,0,0,0,2,1,4,4,0,0,4,1,1,1,1,0,,,,,0,,0,0,,0.00,,,,
Public Function,"PluginEntryPointList::~PluginEntryPointList",,,,0,3,0,,,,,,,,,,,,,,,,,,,,,,,,,,,,,,,2,3,0,3,1,0,0,0,0,1,1,0,0,0,0,0,1,1,1,1,0,,,,,0,,0,0,,0.00,,,,
Public Function,"PreamblePatcher::RawPatchWithStub",,,,11,64,52,,,,,,,,,,,,,,,,,,,,,,,,,,,,,,,5,127,11,58,17,44,52,0,6,9,16,24,32,6,0,26,9,9,11,7,11,,,,,11,,2,11,,0.90,,,,
Function,"ProcessRawBytes",,,,0,3,0,,,,,,,,,,,,,,,,,,,,,,,,,,,,,,,12,3,0,3,1,1,0,0,0,2,1,1,1,0,0,1,1,1,1,1,0,,,,,0,,0,0,,0.00,,,,
Public Function,"Profile::Profile",,,,0,3,0,,,,,,,,,,,,,,,,,,,,,,,,,,,,,,,1,3,0,3,1,0,0,0,0,1,1,0,0,0,0,0,1,1,1,1,0,,,,,0,,0,0,,0.00,,,,
Public Function,"Profile::Profile",,,,0,3,0,,,,,,,,,,,,,,,,,,,,,,,,,,,,,,,0,3,0,3,1,0,0,0,0,1,1,0,0,0,0,0,1,1,1,1,0,,,,,0,,0,0,,0.00,,,,
Public Function,"Profile::~Profile",,,,0,3,0,,,,,,,,,,,,,,,,,,,,,,,,,,,,,,,1,3,0,3,1,0,0,0,0,1,1,0,0,0,0,0,1,1,1,1,0,,,,,0,,0,0,,0.00,,,,
Public Function,"Profile::~Profile",,,,0,3,0,,,,,,,,,,,,,,,,,,,,,,,,,,,,,,,0,3,0,3,1,0,0,0,0,1,1,0,0,0,0,0,1,1,1,1,0,,,,,0,,0,0,,0.00,,,,
Public Function,"ProfileWin::ProfileWin",,,,2,17,0,,,,,,,,,,,,,,,,,,,,,,,,,,,,,,,5,19,2,17,13,14,0,0,0,4,2,5,6,3,0,3,2,2,2,1,0,,,,,0,,1,0,,0.00,,,,
Public Function,"ProfileWin::getBool",,,,4,12,0,,,,,,,,,,,,,,,,,,,,,,,,,,,,,,,5,16,4,12,4,9,0,0,0,3,3,7,9,3,0,6,4,4,4,3,2,,,,,2,,1,2,,0.00,,,,
Public Function,"ProfileWin::getSizeAndPosition",,,,5,18,0,,,,,,,,,,,,,,,,,,,,,,,,,,,,,,,6,23,5,18,3,15,0,0,0,2,5,11,15,2,0,13,5,5,5,5,4,,,,,4,,1,4,,0.00,,,,
Public Function,"ProfileWin::getString",,,,0,5,0,,,,,,,,,,,,,,,,,,,,,,,,,,,,,,,6,5,0,5,2,2,0,0,0,2,1,2,2,1,0,1,1,1,1,1,0,,,,,0,,0,0,,0.00,,,,
Public Function,"ProfileWin::setBool",,,,0,7,0,,,,,,,,,,,,,,,,,,,,,,,,,,,,,,,4,7,0,7,4,4,0,0,0,2,1,4,4,3,0,1,2,2,2,1,0,,,,,0,,0,0,,0.00,,,,
Public Function,"ProfileWin::setSizeAndPosition",,,,5,18,0,,,,,,,,,,,,,,,,,,,,,,,,,,,,,,,7,23,5,18,3,15,0,0,0,2,5,11,15,2,0,13,5,5,5,5,4,,,,,4,,1,4,,0.00,,,,
Public Function,"ProfileWin::setString",,,,0,6,0,,,,,,,,,,,,,,,,,,,,,,,,,,,,,,,4,6,0,6,3,3,0,0,0,3,1,3,3,2,0,1,1,1,1,1,0,,,,,0,,0,0,,0.00,,,,
Public Function,"ProfileWin::~ProfileWin",,,,0,5,0,,,,,,,,,,,,,,,,,,,,,,,,,,,,,,,5,5,0,5,1,2,0,0,0,3,2,1,2,0,0,2,2,2,2,1,0,,,,,0,,1,0,,0.00,,,,
Class,"PublicRefCountedDtorInImpl",0,1,0,1,8,0,1,1,1,1,1,0,1,0,1,0,0,,0,0,,,,,2,0,0,0,0,2,2,0,0,0,0,2,,9,1,8,4,0,0,0,0,,,,3,3,0,0,,,,,,1,1,1,1,,1,,,0,0.00,2,2,2,2
Public Function,"PublicRefCountedDtorInImpl::PublicRefCountedDtorInImpl",,,,0,1,0,,,,,,,,,,,,,,,,,,,,,,,,,,,,,,,1,1,0,1,1,0,0,0,0,2,1,0,0,0,0,0,1,1,1,1,0,,,,,0,,0,0,,0.00,,,,
Public Function,"PublicRefCountedDtorInImpl::~PublicRefCountedDtorInImpl",,,,0,1,0,,,,,,,,,,,,,,,,,,,,,,,,,,,,,,,1,1,0,1,1,0,0,0,0,2,1,0,0,0,0,0,1,1,1,1,0,,,,,0,,0,0,,0.00,,,,
Function,"RawMemcpy",,,,2,7,0,,,,,,,,,,,,,,,,,,,,,,,,,,,,,,,4,9,2,7,4,5,0,0,0,1,2,6,7,3,0,4,2,2,2,1,0,,,,,0,,1,0,,0.00,,,,
Function,"RawMemset",,,,2,6,0,,,,,,,,,,,,,,,,,,,,,,,,,,,,,,,4,8,2,6,3,4,0,0,0,1,2,5,6,2,0,4,2,2,2,1,0,,,,,0,,1,0,,0.00,,,,
Function,"RegisterDynamicOid",,,,2,17,0,,,,,,,,,,,,,,,,,,,,,,,,,,,,,,,3,19,2,17,4,12,0,0,0,12,2,13,14,3,0,11,2,2,2,1,0,,,,,0,,1,0,,0.00,,,,
Class,"RewriterCallback",0,9,1,1,25,2,2,2,2,2,10,0,9,1,1,7,0,,0,0,,,,,2,1,1,0,0,2,2,0,0,0,0,2,,28,1,25,12,16,2,0,0,,,,13,6,0,7,,,,,,3,3,4,3,,1,,,0,0.08,4,4,5,4
Public Function,"RewriterCallback::RewriterCallback",,,,0,1,0,,,,,,,,,,,,,,,,,,,,,,,,,,,,,,,2,1,0,1,1,0,0,0,0,2,1,0,0,0,0,0,1,1,1,1,0,,,,,0,,0,0,,0.00,,,,
Public Virtual Function,"RewriterCallback::run",,,,0,18,2,,,,,,,,,,,,,,,,,,,,,,,,,,,,,,,5,20,0,18,8,16,2,0,0,15,3,8,10,3,0,7,3,3,4,3,2,,,,,2,,1,2,,0.11,,,,
Function,"SPY_Setup",,,,3,18,0,,,,,,,,,,,,,,,,,,,,,,,,,,,,,,,8,21,3,18,5,11,0,0,0,9,3,13,15,4,0,11,3,3,3,1,0,,,,,0,,2,0,,0.00,,,,
Public Function,"SkTypeface::Deserialize",,,,0,3,0,,,,,,,,,,,,,,,,,,,,,,,,,,,,,,,0,3,0,3,1,1,0,0,0,1,1,1,1,0,0,1,1,1,1,1,0,,,,,0,,0,0,,0.00,,,,
Public Function,"SkTypeface::UniqueID",,,,0,4,0,,,,,,,,,,,,,,,,,,,,,,,,,,,,,,,0,4,0,4,1,1,0,0,0,1,1,1,1,0,0,1,1,1,1,1,0,,,,,0,,0,0,,0.00,,,,
Public Const Function,"SkTypeface::serialize",,,,0,2,0,,,,,,,,,,,,,,,,,,,,,,,,,,,,,,,0,2,0,2,1,0,0,0,0,0,1,0,0,0,0,0,1,1,1,1,0,,,,,0,,0,0,,0.00,,,,
Static Function Template,"StringAppendVT",,,,8,41,17,,,,,,,,,,,,,,,,,,,,,,,,,,,,,,,4,66,8,35,8,21,14,5,4,4,6,18,23,5,0,18,6,6,8,6,7,,,,,7,,2,7,,0.40,,,,
Function,"StringPrintf",,,,0,8,0,,,,,,,,,,,,,,,,,,,,,,,,,,,,,,,2,8,0,8,3,4,0,0,0,4,1,6,6,2,0,4,1,1,1,1,0,,,,,0,,0,0,,0.00,,,,
Class,"TemporaryCallback",0,9,2,3,24,4,2,2,2,1,11,0,9,2,1,2,0,,0,0,,,,,2,1,1,0,0,2,2,0,0,0,0,2,,31,3,24,9,14,4,0,0,,,,11,5,0,6,,,,,,4,4,4,1,,1,,,0,0.17,5,5,5,2
Class,"TemporaryCallback",0,7,2,3,20,5,1,1,1,1,10,0,7,2,1,3,0,,0,0,,,,,2,1,1,0,0,2,2,0,0,0,0,2,,28,3,20,6,11,5,0,0,,,,9,4,0,5,,,,,,2,2,2,1,,1,,,0,0.25,3,3,3,2
Public Function,"TemporaryCallback::TemporaryCallback",,,,0,1,0,,,,,,,,,,,,,,,,,,,,,,,,,,,,,,,2,1,0,1,1,0,0,0,0,2,1,0,0,0,0,0,1,1,1,1,0,,,,,0,,0,0,,0.00,,,,
Public Function,"TemporaryCallback::TemporaryCallback",,,,0,1,0,,,,,,,,,,,,,,,,,,,,,,,,,,,,,,,2,1,0,1,1,0,0,0,0,2,1,0,0,0,0,0,1,1,1,1,0,,,,,0,,0,0,,0.00,,,,
Public Virtual Function,"TemporaryCallback::run",,,,1,13,5,,,,,,,,,,,,,,,,,,,,,,,,,,,,,,,6,19,1,13,2,11,5,0,0,11,2,5,6,1,0,5,2,2,2,1,1,,,,,0,,1,0,,0.38,,,,
Public Virtual Function,"TemporaryCallback::run",,,,1,17,4,,,,,,,,,,,,,,,,,,,,,,,,,,,,,,,4,22,1,17,5,14,4,0,0,8,3,6,8,2,0,6,4,4,4,1,2,,,,,0,,1,0,,0.24,,,,
Function,"TypeHasNonTrivialDtor",,,,1,5,0,,,,,,,,,,,,,,,,,,,,,,,,,,,,,,,2,6,1,5,2,3,0,0,0,3,2,2,3,0,0,3,2,2,2,1,1,,,,,0,,1,0,,0.00,,,,
Function,"UnloadRealPlugin",,,,2,11,2,,,,,,,,,,,,,,,,,,,,,,,,,,,,,,,0,15,2,3,1,0,0,4,6,0,1,0,0,0,0,0,1,1,1,1,0,,,,,0,,0,0,,0.00,,,,
Class,"UnsafeTypedefChainInImpl",0,1,0,0,5,0,1,1,1,1,1,0,1,0,2,0,0,,0,0,,,,,2,0,0,0,0,2,2,0,0,0,0,2,,5,0,5,3,0,0,0,0,,,,2,2,0,0,,,,,,1,1,1,1,,1,,,0,0.00,2,2,2,2
Public Function,"UnsafeTypedefChainInImpl::UnsafeTypedefChainInImpl",,,,0,1,0,,,,,,,,,,,,,,,,,,,,,,,,,,,,,,,1,1,0,1,1,0,0,0,0,2,1,0,0,0,0,0,1,1,1,1,0,,,,,0,,0,0,,0.00,,,,
Public Function,"UnsafeTypedefChainInImpl::~UnsafeTypedefChainInImpl",,,,0,1,0,,,,,,,,,,,,,,,,,,,,,,,,,,,,,,,1,1,0,1,1,0,0,0,0,2,1,0,0,0,0,0,1,1,1,1,0,,,,,0,,0,0,,0.00,,,,
Function,"UnwrapType",,,,0,7,0,,,,,,,,,,,,,,,,,,,,,,,,,,,,,,,2,7,0,7,3,5,0,0,0,5,3,3,5,0,0,5,3,3,3,3,2,,,,,2,,1,2,,0.00,,,,
Public Function,"Value::CZString::CZString",,,,0,5,0,,,,,,,,,,,,,,,,,,,,,,,,,,,,,,,7,5,0,5,4,0,0,0,0,1,1,0,0,0,0,0,1,1,1,1,0,,,,,0,,0,0,,0.00,,,,
Public Function,"Value::CZString::CZString",,,,0,6,0,,,,,,,,,,,,,,,,,,,,,,,,,,,,,,,2,6,0,6,5,0,0,0,0,2,1,0,0,0,0,0,1,1,1,1,0,,,,,0,,0,0,,0.00,,,,
Public Function,"Value::CZString::CZString",,,,0,8,0,,,,,,,,,,,,,,,,,,,,,,,,,,,,,,,3,8,0,8,7,0,0,0,0,2,1,0,0,0,0,0,1,1,1,1,0,,,,,0,,0,0,,0.00,,,,
Public Const Function,"Value::CZString::c_str",,,,0,5,0,,,,,,,,,,,,,,,,,,,,,,,,,,,,,,,1,5,0,5,2,1,0,0,0,1,1,1,1,0,0,1,1,1,1,1,0,,,,,0,,0,0,,0.00,,,,
Public Const Function,"Value::CZString::index",,,,0,5,0,,,,,,,,,,,,,,,,,,,,,,,,,,,,,,,1,5,0,5,2,1,0,0,0,1,1,1,1,0,0,1,1,1,1,1,0,,,,,0,,0,0,,0.00,,,,
Public Const Function,"Value::CZString::isStaticString",,,,0,5,0,,,,,,,,,,,,,,,,,,,,,,,,,,,,,,,1,5,0,5,2,1,0,0,0,1,1,1,1,0,0,1,1,1,1,1,0,,,,,0,,0,0,,0.00,,,,
Public Const Function,"Value::CZString::operator<",,,,0,7,0,,,,,,,,,,,,,,,,,,,,,,,,,,,,,,,3,7,0,7,2,3,0,0,0,2,2,2,3,0,0,3,2,2,2,1,1,,,,,0,,1,0,,0.00,,,,
Public Function,"Value::CZString::operator=",,,,0,7,0,,,,,,,,,,,,,,,,,,,,,,,,,,,,,,,1,7,0,7,3,2,0,0,0,4,1,3,3,1,0,2,1,1,1,1,0,,,,,0,,0,0,,0.00,,,,
Public Const Function,"Value::CZString::operator==",,,,0,7,0,,,,,,,,,,,,,,,,,,,,,,,,,,,,,,,3,7,0,7,2,3,0,0,0,2,2,2,3,0,0,3,2,2,2,1,1,,,,,0,,1,0,,0.00,,,,
Public Function,"Value::CZString::swap",,,,0,6,0,,,,,,,,,,,,,,,,,,,,,,,,,,,,,,,4,6,0,6,2,2,0,0,0,1,1,2,2,0,0,2,1,1,1,1,0,,,,,0,,0,0,,0.00,,,,
Public Function,"Value::CZString::~CZString",,,,0,5,0,,,,,,,,,,,,,,,,,,,,,,,,,,,,,,,6,5,0,5,1,2,0,0,0,2,2,1,2,0,0,2,2,2,3,1,0,,,,,0,,1,0,,0.00,,,,
Public Function,"Value::Value",,,,0,42,0,,,,,,,,,,,,,,,,,,,,,,,,,,,,,,,6,42,0,30,6,22,0,8,5,7,7,12,21,0,0,21,9,2,9,1,21,,,,,0,,1,0,,0.00,,,,
Public Function,"Value::Value",,,,0,10,0,,,,,,,,,,,,,,,,,,,,,,,,,,,,,,,1,10,0,7,6,1,0,1,2,2,1,1,1,0,0,1,1,1,1,1,0,,,,,0,,0,0,,0.00,,,,
Public Function,"Value::Value",,,,0,10,0,,,,,,,,,,,,,,,,,,,,,,,,,,,,,,,1,10,0,7,6,1,0,1,2,2,1,1,1,0,0,1,1,1,1,1,0,,,,,0,,0,0,,0.00,,,,
Public Function,"Value::Value",,,,0,10,0,,,,,,,,,,,,,,,,,,,,,,,,,,,,,,,1,10,0,7,6,1,0,1,2,2,1,1,1,0,0,1,1,1,1,1,0,,,,,0,,0,0,,0.00,,,,
Public Function,"Value::Value",,,,0,10,0,,,,,,,,,,,,,,,,,,,,,,,,,,,,,,,1,10,0,7,6,1,0,1,2,3,1,1,1,0,0,1,1,1,1,1,0,,,,,0,,0,0,,0.00,,,,
Public Function,"Value::Value",,,,0,12,0,,,,,,,,,,,,,,,,,,,,,,,,,,,,,,,2,12,0,9,7,2,0,1,2,3,1,1,1,0,0,1,1,1,1,1,0,,,,,0,,0,0,,0.00,,,,
Public Function,"Value::Value",,,,1,11,0,,,,,,,,,,,,,,,,,,,,,,,,,,,,,,,1,12,1,8,6,2,0,1,2,5,1,1,1,0,0,1,1,1,1,1,0,,,,,0,,0,0,,0.00,,,,
Public Function,"Value::Value",,,,0,10,0,,,,,,,,,,,,,,,,,,,,,,,,,,,,,,,1,10,0,7,6,1,0,1,2,3,1,1,1,0,0,1,1,1,1,1,0,,,,,0,,0,0,,0.00,,,,
Public Function,"Value::Value",,,,0,10,0,,,,,,,,,,,,,,,,,,,,,,,,,,,,,,,1,10,0,7,6,1,0,1,2,2,1,1,1,0,0,1,1,1,1,1,0,,,,,0,,0,0,,0.00,,,,
Public Function,"Value::Value",,,,0,53,0,,,,,,,,,,,,,,,,,,,,,,,,,,,,,,,7,53,0,41,8,27,0,8,5,8,20,14,27,2,0,25,13,6,13,1,7,,,,,0,,3,0,,0.00,,,,
Public Function,"Value::append",,,,0,5,0,,,,,,,,,,,,,,,,,,,,,,,,,,,,,,,1,5,0,5,2,1,0,0,0,3,1,1,1,0,0,1,1,1,1,1,0,,,,,0,,0,0,,0.00,,,,
Public Const Function,"Value::asBool",,,,0,20,0,,,,,,,,,,,,,,,,,,,,,,,,,,,,,,,6,20,0,20,2,14,0,0,0,2,6,7,13,0,0,13,9,5,9,1,15,,,,,0,,1,0,,0.00,,,,
Public Const Function,"Value::asCString",,,,0,6,0,,,,,,,,,,,,,,,,,,,,,,,,,,,,,,,3,6,0,6,2,2,0,0,0,2,1,2,2,0,0,2,1,1,1,1,0,,,,,0,,0,0,,0.00,,,,
Public Const Function,"Value::asDouble",,,,0,24,2,,,,,,,,,,,,,,,,,,,,,,,,,,,,,,,7,24,0,20,2,14,1,2,3,2,6,7,13,0,0,13,7,3,7,1,15,,,,,0,,1,0,,0.05,,,,
Public Const Function,"Value::asFloat",,,,0,24,2,,,,,,,,,,,,,,,,,,,,,,,,,,,,,,,6,24,0,20,2,14,1,2,3,2,6,7,13,0,0,13,7,3,7,1,15,,,,,0,,1,0,,0.05,,,,
Public Const Function,"Value::asInt",,,,0,23,0,,,,,,,,,,,,,,,,,,,,,,,,,,,,,,,6,23,0,23,2,17,0,0,0,5,6,10,16,0,0,16,7,3,7,1,15,,,,,0,,1,0,,0.00,,,,
Public Const Function,"Value::asLargestInt",,,,0,9,0,,,,,,,,,,,,,,,,,,,,,,,,,,,,,,,0,9,0,5,2,1,0,1,3,2,1,1,1,0,0,1,1,1,1,1,0,,,,,0,,0,0,,0.00,,,,
Public Const Function,"Value::asLargestUInt",,,,0,9,0,,,,,,,,,,,,,,,,,,,,,,,,,,,,,,,0,9,0,5,2,1,0,1,3,2,1,1,1,0,0,1,1,1,1,1,0,,,,,0,,0,0,,0.00,,,,
Public Const Function,"Value::asString",,,,0,21,0,,,,,,,,,,,,,,,,,,,,,,,,,,,,,,,8,21,0,21,2,15,0,0,0,3,7,7,14,0,0,14,9,4,9,1,21,,,,,0,,1,0,,0.00,,,,
Public Const Function,"Value::asUInt",,,,0,23,0,,,,,,,,,,,,,,,,,,,,,,,,,,,,,,,6,23,0,23,2,17,0,0,0,5,6,10,16,0,0,16,7,3,7,1,15,,,,,0,,1,0,,0.00,,,,
Public Const Function,"Value::begin",,,,0,34,0,,,,,,,,,,,,,,,,,,,,,,,,,,,,,,,3,34,0,15,2,9,0,16,3,2,3,4,8,0,0,8,4,3,4,3,3,,,,,3,,2,3,,0.00,,,,
Public Function,"Value::begin",,,,0,34,0,,,,,,,,,,,,,,,,,,,,,,,,,,,,,,,3,34,0,15,2,9,0,16,3,2,3,4,8,0,0,8,4,3,4,3,3,,,,,3,,2,3,,0.00,,,,
Public Function,"Value::clear",,,,1,23,0,,,,,,,,,,,,,,,,,,,,,,,,,,,,,,,4,24,1,14,2,8,0,7,3,2,2,4,7,0,0,7,3,2,5,1,1,,,,,0,,1,0,,0.00,,,,
Public Const Function,"Value::compare",,,,0,9,0,,,,,,,,,,,,,,,,,,,,,,,,,,,,,,,1,9,0,9,2,5,0,0,0,1,3,3,5,0,0,5,3,3,3,3,2,,,,,2,,1,2,,0.00,,,,
Public Const Function,"Value::empty",,,,0,8,0,,,,,,,,,,,,,,,,,,,,,,,,,,,,,,,0,8,0,8,2,4,0,0,0,5,2,2,3,0,0,3,2,2,4,1,1,,,,,0,,1,0,,0.00,,,,
Public Const Function,"Value::end",,,,0,34,0,,,,,,,,,,,,,,,,,,,,,,,,,,,,,,,3,34,0,15,2,9,0,16,3,2,3,4,8,0,0,8,4,3,4,3,3,,,,,3,,2,3,,0.00,,,,
Public Function,"Value::end",,,,0,34,0,,,,,,,,,,,,,,,,,,,,,,,,,,,,,,,3,34,0,15,2,9,0,16,3,2,3,4,8,0,0,8,4,3,4,3,3,,,,,3,,2,3,,0.00,,,,
Public Const Function,"Value::get",,,,0,7,0,,,,,,,,,,,,,,,,,,,,,,,,,,,,,,,3,7,0,7,4,2,0,0,0,2,1,2,2,1,0,1,2,2,2,1,0,,,,,0,,0,0,,0.00,,,,
Public Const Function,"Value::get",,,,0,7,0,,,,,,,,,,,,,,,,,,,,,,,,,,,,,,,2,7,0,7,4,2,0,0,0,2,1,2,2,1,0,1,2,2,2,1,0,,,,,0,,0,0,,0.00,,,,
Public Const Function,"Value::get",,,,0,6,0,,,,,,,,,,,,,,,,,,,,,,,,,,,,,,,2,6,0,6,3,1,0,0,0,3,1,1,1,0,0,1,1,1,1,1,0,,,,,0,,0,0,,0.00,,,,
Public Const Function,"Value::getComment",,,,0,7,0,,,,,,,,,,,,,,,,,,,,,,,,,,,,,,,3,7,0,7,2,3,0,0,0,2,2,2,3,0,0,3,2,2,2,1,1,,,,,0,,1,0,,0.00,,,,
Public Const Function,"Value::getMemberNames",,,,0,23,0,,,,,,,,,,,,,,,,,,,,,,,,,,,,,,,4,23,0,14,3,9,0,7,3,9,3,10,12,1,1,10,3,3,4,1,1,,,,,0,,1,0,,0.00,,,,
Public Const Function,"Value::hasComment",,,,0,5,0,,,,,,,,,,,,,,,,,,,,,,,,,,,,,,,4,5,0,5,2,1,0,0,0,1,1,1,1,0,0,1,1,1,2,1,0,,,,,0,,0,0,,0.00,,,,
Public Const Function,"Value::isArray",,,,0,5,0,,,,,,,,,,,,,,,,,,,,,,,,,,,,,,,4,5,0,5,2,1,0,0,0,1,1,1,1,0,0,1,1,1,1,1,0,,,,,0,,0,0,,0.00,,,,
Public Const Function,"Value::isBool",,,,0,5,0,,,,,,,,,,,,,,,,,,,,,,,,,,,,,,,1,5,0,5,2,1,0,0,0,1,1,1,1,0,0,1,1,1,1,1,0,,,,,0,,0,0,,0.00,,,,
Public Const Function,"Value::isConvertibleTo",,,,0,45,0,,,,,,,,,,,,,,,,,,,,,,,,,,,,,,,6,45,0,45,2,39,0,0,0,9,9,10,19,0,0,19,9,2,36,1,36,,,,,0,,1,0,,0.00,,,,
Public Const Function,"Value::isDouble",,,,0,5,0,,,,,,,,,,,,,,,,,,,,,,,,,,,,,,,2,5,0,5,2,1,0,0,0,2,1,1,1,0,0,1,1,1,2,1,0,,,,,0,,0,0,,0.00,,,,
Public Const Function,"Value::isInt",,,,0,18,0,,,,,,,,,,,,,,,,,,,,,,,,,,,,,,,6,18,0,18,2,12,0,0,0,2,4,5,9,0,0,9,4,2,7,1,6,,,,,0,,1,0,,0.00,,,,
Public Const Function,"Value::isInt64",,,,0,20,4,,,,,,,,,,,,,,,,,,,,,,,,,,,,,,,0,23,0,5,2,1,1,16,2,1,1,1,1,0,0,1,1,1,1,1,0,,,,,0,,0,0,,0.20,,,,
Public Const Function,"Value::isIntegral",,,,0,9,0,,,,,,,,,,,,,,,,,,,,,,,,,,,,,,,2,9,0,5,2,1,0,1,3,3,1,1,1,0,0,1,1,1,2,1,0,,,,,0,,0,0,,0.00,,,,
Public Const Function,"Value::isMember",,,,0,6,0,,,,,,,,,,,,,,,,,,,,,,,,,,,,,,,2,6,0,6,3,2,0,0,0,2,1,2,2,1,0,1,1,1,1,1,0,,,,,0,,0,0,,0.00,,,,
Public Const Function,"Value::isMember",,,,0,5,0,,,,,,,,,,,,,,,,,,,,,,,,,,,,,,,1,5,0,5,2,1,0,0,0,3,1,1,1,0,0,1,1,1,1,1,0,,,,,0,,0,0,,0.00,,,,
Public Const Function,"Value::isNull",,,,0,5,0,,,,,,,,,,,,,,,,,,,,,,,,,,,,,,,1,5,0,5,2,1,0,0,0,1,1,1,1,0,0,1,1,1,1,1,0,,,,,0,,0,0,,0.00,,,,
Public Const Function,"Value::isNumeric",,,,0,5,0,,,,,,,,,,,,,,,,,,,,,,,,,,,,,,,0,5,0,5,2,1,0,0,0,3,1,1,1,0,0,1,1,1,2,1,0,,,,,0,,0,0,,0.00,,,,
Public Const Function,"Value::isObject",,,,0,5,0,,,,,,,,,,,,,,,,,,,,,,,,,,,,,,,4,5,0,5,2,1,0,0,0,1,1,1,1,0,0,1,1,1,1,1,0,,,,,0,,0,0,,0.00,,,,
Public Const Function,"Value::isString",,,,0,5,0,,,,,,,,,,,,,,,,,,,,,,,,,,,,,,,1,5,0,5,2,1,0,0,0,1,1,1,1,0,0,1,1,1,1,1,0,,,,,0,,0,0,,0.00,,,,
Public Const Function,"Value::isUInt",,,,0,18,0,,,,,,,,,,,,,,,,,,,,,,,,,,,,,,,6,18,0,18,2,12,0,0,0,2,4,5,9,0,0,9,4,2,7,1,6,,,,,0,,1,0,,0.00,,,,
Public Const Function,"Value::isUInt64",,,,0,20,4,,,,,,,,,,,,,,,,,,,,,,,,,,,,,,,0,23,0,5,2,1,1,16,2,1,1,1,1,0,0,1,1,1,1,1,0,,,,,0,,0,0,,0.20,,,,
Public Const Function,"Value::isValidIndex",,,,0,5,0,,,,,,,,,,,,,,,,,,,,,,,,,,,,,,,3,5,0,5,2,1,0,0,0,2,1,1,1,0,0,1,1,1,1,1,0,,,,,0,,0,0,,0.00,,,,
Public Const Function,"Value::operator!",,,,0,5,0,,,,,,,,,,,,,,,,,,,,,,,,,,,,,,,0,5,0,5,2,1,0,0,0,2,1,1,1,0,0,1,1,1,1,1,0,,,,,0,,0,0,,0.00,,,,
Public Const Function,"Value::operator!=",,,,0,5,0,,,,,,,,,,,,,,,,,,,,,,,,,,,,,,,1,5,0,5,2,1,0,0,0,1,1,1,1,0,0,1,1,1,1,1,0,,,,,0,,0,0,,0.00,,,,
Public Const Function,"Value::operator<",,,,0,43,1,,,,,,,,,,,,,,,,,,,,,,,,,,,,,,,9,43,0,36,4,28,1,5,3,4,10,13,24,2,0,22,12,5,16,10,31,,,,,31,,2,31,,0.03,,,,
Public Const Function,"Value::operator<=",,,,0,5,0,,,,,,,,,,,,,,,,,,,,,,,,,,,,,,,1,5,0,5,2,1,0,0,0,1,1,1,1,0,0,1,1,1,1,1,0,,,,,0,,0,0,,0.00,,,,
Public Function,"Value::operator=",,,,0,7,0,,,,,,,,,,,,,,,,,,,,,,,,,,,,,,,1,7,0,7,3,2,0,0,0,4,1,3,3,1,0,2,1,1,1,1,0,,,,,0,,0,0,,0.00,,,,
Public Const Function,"Value::operator==",,,,0,39,5,,,,,,,,,,,,,,,,,,,,,,,,,,,,,,,9,43,0,32,3,26,5,5,3,4,9,11,21,1,0,20,10,3,14,9,29,,,,,29,,1,29,,0.16,,,,
Public Const Function,"Value::operator>",,,,0,5,0,,,,,,,,,,,,,,,,,,,,,,,,,,,,,,,1,5,0,5,2,1,0,0,0,1,1,1,1,0,0,1,1,1,1,1,0,,,,,0,,0,0,,0.00,,,,
Public Const Function,"Value::operator>=",,,,0,5,0,,,,,,,,,,,,,,,,,,,,,,,,,,,,,,,1,5,0,5,2,1,0,0,0,1,1,1,1,0,0,1,1,1,1,1,0,,,,,0,,0,0,,0.00,,,,
Public Function,"Value::operator[]",,,,1,18,0,,,,,,,,,,,,,,,,,,,,,,,,,,,,,,,18,19,1,14,3,9,0,2,3,11,4,8,10,1,0,9,3,3,5,1,1,,,,,0,,1,0,,0.00,,,,
Public Function,"Value::operator[]",,,,0,6,0,,,,,,,,,,,,,,,,,,,,,,,,,,,,,,,1,6,0,6,2,2,0,0,0,3,1,2,2,0,0,2,1,1,1,1,0,,,,,0,,0,0,,0.00,,,,
Public Const Function,"Value::operator[]",,,,0,17,0,,,,,,,,,,,,,,,,,,,,,,,,,,,,,,,5,17,0,12,3,7,0,3,3,7,3,6,8,1,0,7,3,3,4,3,2,,,,,2,,1,2,,0.00,,,,
Public Const Function,"Value::operator[]",,,,0,6,0,,,,,,,,,,,,,,,,,,,,,,,,,,,,,,,1,6,0,6,2,2,0,0,0,3,1,2,2,0,0,2,1,1,1,1,0,,,,,0,,0,0,,0.00,,,,
Public Function,"Value::operator[]",,,,0,5,0,,,,,,,,,,,,,,,,,,,,,,,,,,,,,,,1,5,0,5,2,1,0,0,0,2,1,1,1,0,0,1,1,1,1,1,0,,,,,0,,0,0,,0.00,,,,
Public Const Function,"Value::operator[]",,,,0,17,0,,,,,,,,,,,,,,,,,,,,,,,,,,,,,,,6,17,0,12,3,7,0,3,3,7,3,6,8,1,0,7,3,3,4,3,2,,,,,2,,1,2,,0.00,,,,
Public Function,"Value::operator[]",,,,0,5,0,,,,,,,,,,,,,,,,,,,,,,,,,,,,,,,1,5,0,5,2,1,0,0,0,3,1,1,1,0,0,1,1,1,1,1,0,,,,,0,,0,0,,0.00,,,,
Public Const Function,"Value::operator[]",,,,0,5,0,,,,,,,,,,,,,,,,,,,,,,,,,,,,,,,1,5,0,5,2,1,0,0,0,3,1,1,1,0,0,1,1,1,1,1,0,,,,,0,,0,0,,0.00,,,,
Public Function,"Value::operator[]",,,,0,5,0,,,,,,,,,,,,,,,,,,,,,,,,,,,,,,,1,5,0,5,2,1,0,0,0,2,1,1,1,0,0,1,1,1,1,1,0,,,,,0,,0,0,,0.00,,,,
Public Function,"Value::removeMember",,,,0,25,0,,,,,,,,,,,,,,,,,,,,,,,,,,,,,,,7,25,0,14,4,8,0,9,3,10,3,8,10,2,0,8,3,3,4,3,2,,,,,2,,1,2,,0.00,,,,
Public Function,"Value::removeMember",,,,0,5,0,,,,,,,,,,,,,,,,,,,,,,,,,,,,,,,1,5,0,5,2,1,0,0,0,3,1,1,1,0,0,1,1,1,1,1,0,,,,,0,,0,0,,0.00,,,,
Public Function,"Value::resize",,,,0,24,0,,,,,,,,,,,,,,,,,,,,,,,,,,,,,,,4,24,0,20,4,12,0,2,3,7,8,9,13,2,0,11,5,5,6,1,2,,,,,0,,2,0,,0.00,,,,
Public Function,"Value::resolveReference",,,,1,21,0,,,,,,,,,,,,,,,,,,,,,,,,,,,,,,,11,22,1,17,6,10,0,2,3,11,4,9,11,2,0,9,4,4,6,1,1,,,,,0,,1,0,,0.00,,,,
Public Function,"Value::setComment",,,,0,8,0,,,,,,,,,,,,,,,,,,,,,,,,,,,,,,,4,8,0,8,3,3,0,0,0,2,2,2,3,0,0,3,2,2,2,1,0,,,,,0,,1,0,,0.00,,,,
Public Function,"Value::setComment",,,,0,6,0,,,,,,,,,,,,,,,,,,,,,,,,,,,,,,,2,6,0,6,3,1,0,0,0,2,1,1,1,0,0,1,1,1,1,1,0,,,,,0,,0,0,,0.00,,,,
Public Const Function,"Value::size",,,,0,33,2,,,,,,,,,,,,,,,,,,,,,,,,,,,,,,,8,33,0,26,2,18,2,5,3,7,5,8,18,0,0,18,10,3,10,5,9,,,,,9,,2,9,,0.08,,,,
Public Function,"Value::swap",,,,0,11,0,,,,,,,,,,,,,,,,,,,,,,,,,,,,,,,4,11,0,11,4,7,0,0,0,4,1,7,7,2,0,5,1,1,1,1,0,,,,,0,,0,0,,0.00,,,,
Public Const Function,"Value::toStyledString",,,,0,6,0,,,,,,,,,,,,,,,,,,,,,,,,,,,,,,,0,6,0,6,3,1,0,0,0,2,1,2,2,1,0,1,1,1,1,1,0,,,,,0,,0,0,,0.00,,,,
Public Const Function,"Value::type",,,,0,5,0,,,,,,,,,,,,,,,,,,,,,,,,,,,,,,,1,5,0,5,2,1,0,0,0,1,1,1,1,0,0,1,1,1,1,1,0,,,,,0,,0,0,,0.00,,,,
Public Function,"Value::~Value",,,,1,33,0,,,,,,,,,,,,,,,,,,,,,,,,,,,,,,,10,34,1,24,1,19,0,7,3,3,10,7,18,0,0,18,11,4,11,1,6,,,,,0,,2,0,,0.00,,,,
Public Virtual Function,"VirtualMethodsInHeaders::MethodHasNoArguments",,,,0,1,0,,,,,,,,,,,,,,,,,,,,,,,,,,,,,,,0,1,0,1,1,0,0,0,0,0,1,0,0,0,0,0,1,1,1,1,0,,,,,0,,0,0,,0.00,,,,
Abstract Class,"VirtualMethodsInImplementation",0,1,0,0,8,0,1,1,1,1,1,0,1,0,0,0,1,,0,0,,,,,4,0,0,0,0,4,4,0,0,0,0,4,,8,0,8,6,2,0,0,0,,,,5,4,0,1,,,,,,1,1,1,1,,0,,,0,0.00,3,3,3,3
Public Virtual Function,"VirtualMethodsInImplementation::ComplainAboutThis",,,,0,1,0,,,,,,,,,,,,,,,,,,,,,,,,,,,,,,,0,1,0,1,1,1,0,0,0,1,1,1,1,0,0,1,1,1,1,1,0,,,,,0,,0,0,,0.00,,,,
Public Virtual Function,"VirtualMethodsInImplementation::MethodHasEmptyDefaultImpl",,,,0,1,0,,,,,,,,,,,,,,,,,,,,,,,,,,,,,,,0,1,0,1,1,0,0,0,0,0,1,0,0,0,0,0,1,1,1,1,0,,,,,0,,0,0,,0.00,,,,
Public Virtual Function,"VirtualMethodsInImplementation::MethodHasNoArguments",,,,0,1,0,,,,,,,,,,,,,,,,,,,,,,,,,,,,,,,0,1,0,1,1,0,0,0,0,0,1,0,0,0,0,0,1,1,1,1,0,,,,,0,,0,0,,0.00,,,,
Public Virtual Function,"WarnOnMissingVirtual::MethodHasNoArguments",,,,0,1,0,,,,,,,,,,,,,,,,,,,,,,,,,,,,,,,0,1,0,1,1,0,0,0,0,0,1,0,0,0,0,0,1,1,1,1,0,,,,,0,,0,0,,0.00,,,,
Function,"WinMain",,,,0,5,0,,,,,,,,,,,,,,,,,,,,,,,,,,,,,,,0,5,0,5,1,2,0,0,0,2,1,2,2,0,0,2,1,1,1,1,0,,,,,0,,0,0,,0.00,,,,
Function,"XP_CloseFile",,,,0,11,0,,,,,,,,,,,,,,,,,,,,,,,,,,,,,,,1,11,0,7,1,2,0,1,3,1,2,1,2,0,0,2,2,2,2,1,0,,,,,0,,1,0,,0.00,,,,
Function,"XP_CreateFile",,,,0,10,0,,,,,,,,,,,,,,,,,,,,,,,,,,,,,,,1,10,0,4,1,1,0,3,3,2,1,1,1,0,0,1,1,1,1,1,0,,,,,0,,0,0,,0.00,,,,
Function,"XP_DeleteFile",,,,0,8,0,,,,,,,,,,,,,,,,,,,,,,,,,,,,,,,1,8,0,4,1,1,0,1,3,1,1,1,1,0,0,1,1,1,1,1,0,,,,,0,,0,0,,0.00,,,,
Function,"XP_FlushFileBuffers",,,,0,8,0,,,,,,,,,,,,,,,,,,,,,,,,,,,,,,,1,8,0,4,1,1,0,1,3,1,1,1,1,0,0,1,1,1,1,1,0,,,,,0,,0,0,,0.00,,,,
Function,"XP_GetSymbol",,,,0,6,0,,,,,,,,,,,,,,,,,,,,,,,,,,,,,,,0,6,0,3,1,0,0,1,2,1,1,0,0,0,0,0,1,1,1,1,0,,,,,0,,0,0,,0.00,,,,
Function,"XP_IsFile",,,,0,14,1,,,,,,,,,,,,,,,,,,,,,,,,,,,,,,,0,14,0,3,1,0,1,5,6,1,1,0,0,0,0,0,1,1,1,1,0,,,,,0,,0,0,,0.33,,,,
Function,"XP_OpenFile",,,,0,10,0,,,,,,,,,,,,,,,,,,,,,,,,,,,,,,,1,10,0,4,1,1,0,3,3,2,1,1,1,0,0,1,1,1,1,1,0,,,,,0,,0,0,,0.00,,,,
Function,"XP_WriteFile",,,,0,10,0,,,,,,,,,,,,,,,,,,,,,,,,,,,,,,,3,10,0,4,1,1,0,3,3,2,1,1,1,0,0,1,1,1,1,1,0,,,,,0,,0,0,,0.00,,,,
Function,"ends_with",,,,1,5,0,,,,,,,,,,,,,,,,,,,,,,,,,,,,,,,5,6,1,5,1,3,0,0,0,3,2,2,3,0,0,3,2,2,2,1,1,,,,,0,,1,0,,0.00,,,,
Static Function,"fillComboBox",,,,11,59,11,,,,,,,,,,,,,,,,,,,,,,,,,,,,,,,3,72,11,59,17,43,11,0,0,18,34,38,45,16,0,29,8,8,9,4,2,,,,,2,,2,2,,0.19,,,,
Static Function,"fillListBox",,,,17,75,8,,,,,,,,,,,,,,,,,,,,,,,,,,,,,,,5,100,17,75,16,60,8,0,0,21,409,53,65,15,0,50,15,15,20,6,7,,,,,7,,3,4,,0.11,,,,
Static Function,"fillTempLBWithDirs",,,,1,35,0,,,,,,,,,,,,,,,,,,,,,,,,,,,,,,,5,36,1,35,7,22,0,0,0,8,8,22,26,6,0,20,5,5,5,1,1,,,,,0,,2,0,,0.00,,,,
Static Function,"fillUNCRootArray",,,,0,21,0,,,,,,,,,,,,,,,,,,,,,,,,,,,,,,,3,21,0,21,3,13,0,0,0,6,10,12,16,2,3,11,5,5,5,4,4,,,,,4,,2,4,,0.00,,,,
Function,"formatLogItem",,,,12,383,6,,,,,,,,,,,,,,,,,,,,,,,,,,,,,,,27,401,12,383,27,317,6,0,0,10,154,203,289,26,0,263,84,19,89,1,1679,,,,,0,,3,0,,0.02,,,,
Function,"freeLogItemStruct",,,,0,5,0,,,,,,,,,,,,,,,,,,,,,,,,,,,,,,,1,5,0,5,1,2,0,0,0,0,2,1,2,0,0,2,2,2,2,1,0,,,,,0,,1,0,,0.00,,,,
Function,"isExtractable",,,,2,15,0,,,,,,,,,,,,,,,,,,,,,,,,,,,,,,,4,17,2,15,4,9,0,0,0,4,3,8,10,2,0,8,3,3,4,1,2,,,,,0,,1,0,,0.00,,,,
Function,"lstrip",,,,0,5,0,,,,,,,,,,,,,,,,,,,,,,,,,,,,,,,3,5,0,5,1,3,0,0,0,4,2,2,3,0,0,3,2,2,2,1,1,,,,,0,,1,0,,0.00,,,,
Function,"main",,,,4,24,1,,,,,,,,,,,,,,,,,,,,,,,,,,,,,,,3,29,4,24,7,17,1,0,0,22,3,14,16,5,0,11,3,3,3,1,1,,,,,0,,1,0,,0.04,,,,
Function,"main",,,,4,22,4,,,,,,,,,,,,,,,,,,,,,,,,,,,,,,,3,30,4,22,7,15,4,0,0,16,3,14,16,5,0,11,3,3,3,1,1,,,,,0,,1,0,,0.18,,,,
Function,"main",,,,4,21,4,,,,,,,,,,,,,,,,,,,,,,,,,,,,,,,3,29,4,21,7,14,4,0,0,16,3,14,16,5,0,11,3,3,3,1,1,,,,,0,,1,0,,0.19,,,,
Function,"main",,,,0,4,0,,,,,,,,,,,,,,,,,,,,,,,,,,,,,,,0,4,0,4,3,0,0,0,0,1,1,2,2,2,0,0,1,1,1,1,0,,,,,0,,0,0,,0.00,,,,
Function,"main",,,,0,5,0,,,,,,,,,,,,,,,,,,,,,,,,,,,,,,,0,5,0,5,3,1,0,0,0,5,1,3,3,2,0,1,1,1,1,1,0,,,,,0,,0,0,,0.00,,,,
Function,"main",,,,0,4,0,,,,,,,,,,,,,,,,,,,,,,,,,,,,,,,0,4,0,4,3,0,0,0,0,1,1,2,2,2,0,0,1,1,1,1,0,,,,,0,,0,0,,0.00,,,,
Function,"main",,,,4,14,0,,,,,,,,,,,,,,,,,,,,,,,,,,,,,,,0,18,4,14,12,3,0,0,0,18,1,12,12,11,0,1,1,1,1,1,0,,,,,0,,0,0,,0.00,,,,
Function,"main",,,,0,5,0,,,,,,,,,,,,,,,,,,,,,,,,,,,,,,,0,5,0,5,3,1,0,0,0,1,1,3,3,2,0,1,1,1,1,1,0,,,,,0,,0,0,,0.00,,,,
Static Function,"makeAbbreviatedString",,,,1,33,0,,,,,,,,,,,,,,,,,,,,,,,,,,,,,,,6,34,1,33,2,20,0,0,0,2,4,15,18,1,0,17,5,5,5,1,3,,,,,0,,2,0,,0.00,,,,
Function,"makeLogItemStruct",,,,25,263,2,,,,,,,,,,,,,,,,,,,,,,,,,,,,,,,16,290,25,263,7,214,2,0,0,15,58,159,213,4,0,209,54,18,56,3,707,,,,,2,,2,2,,0.01,,,,
Function,"mozilla_security_manager::DumpOidString",,,,1,9,0,,,,,,,,,,,,,,,,,,,,,,,,,,,,,,,4,10,1,9,3,6,0,0,0,4,2,5,6,2,0,4,2,2,2,1,1,,,,,0,,1,0,,0.00,,,,
Function,"mozilla_security_manager::GenKeyAndSignChallenge",,,,18,129,25,,,,,,,,,,,,,,,,,,,,,,,,,,,,,,,12,165,18,129,21,94,25,0,0,29,36864,72,89,16,0,73,18,18,20,9,10,,,,,9,,2,9,,0.19,,,,
Function,"mozilla_security_manager::GetCertTitle",,,,0,17,2,,,,,,,,,,,,,,,,,,,,,,,,,,,,,,,5,19,0,17,3,12,2,0,0,3,5,8,12,2,0,10,5,5,5,1,3,,,,,0,,2,0,,0.12,,,,
Function,"mozilla_security_manager::GetCertTokenName",,,,0,7,0,,,,,,,,,,,,,,,,,,,,,,,,,,,,,,,2,7,0,7,2,3,0,0,0,2,2,3,4,1,0,3,2,2,2,1,0,,,,,0,,1,0,,0.00,,,,
Function,"mozilla_security_manager::GetCertType",,,,2,13,1,,,,,,,,,,,,,,,,,,,,,,,,,,,,,,,9,16,2,13,4,11,1,0,0,3,4,7,10,2,0,8,4,4,6,4,3,,,,,3,,1,3,,0.08,,,,
Function,"mozilla_security_manager::GetCertUsageStrings",,,,0,26,1,,,,,,,,,,,,,,,,,,,,,,,,,,,,,,,4,27,0,26,17,19,1,0,0,5,4,7,10,5,0,5,4,4,4,1,0,,,,,0,,3,0,,0.04,,,,
Function,"mozilla_security_manager::GetOIDText",,,,2,214,2,,,,,,,,,,,,,,,,,,,,,,,,,,,,,,,27,218,2,214,3,210,2,0,0,4,150,133,209,2,0,207,76,24,76,1,1453,,,,,0,,2,0,,0.01,,,,
Function,"mozilla_security_manager::ImportCACerts",,,,9,76,29,,,,,,,,,,,,,,,,,,,,,,,,,,,,,,,12,112,9,76,25,62,29,0,0,22,103,28,40,5,0,35,13,13,14,12,14,,,,,14,,2,14,,0.38,,,,
Function,"mozilla_security_manager::ImportServerCert",,,,5,32,6,,,,,,,,,,,,,,,,,,,,,,,,,,,,,,,7,42,5,32,15,24,6,0,0,16,5,13,17,3,0,14,5,5,5,5,3,,,,,3,,2,3,,0.19,,,,
Struct,"mozilla_security_manager::MaskIdPair",0,0,0,0,4,0,0,0,0,0,0,0,0,0,0,0,0,,0,0,,,,,0,2,0,0,2,0,0,0,0,0,0,0,,4,0,4,3,0,0,0,0,,,,2,2,0,0,,,,,,0,0,0,0,,0,,,0,0.00,0,0,0,0
Function,"mozilla_security_manager::ProcessAltName",,,,3,9,0,,,,,,,,,,,,,,,,,,,,,,,,,,,,,,,3,12,3,9,2,6,0,0,0,8,2,6,7,1,0,6,2,2,2,1,1,,,,,0,,1,0,,0.00,,,,
Function,"mozilla_security_manager::ProcessAuthInfoAccess",,,,2,31,0,,,,,,,,,,,,,,,,,,,,,,,,,,,,,,,5,33,2,31,6,24,0,0,0,12,5,16,21,4,0,17,5,4,5,1,4,,,,,0,,2,0,,0.00,,,,
Function,"mozilla_security_manager::ProcessAuthKeyId",,,,6,25,0,,,,,,,,,,,,,,,,,,,,,,,,,,,,,,,7,31,6,25,3,18,0,0,0,11,8,12,15,2,0,13,4,4,4,1,0,,,,,0,,1,0,,0.00,,,,
Function,"mozilla_security_manager::ProcessBMPString",,,,1,11,0,,,,,,,,,,,,,,,,,,,,,,,,,,,,,,,5,12,1,11,3,7,0,0,0,8,2,6,7,2,0,5,2,2,2,1,0,,,,,0,,1,0,,0.00,,,,
Function,"mozilla_security_manager::ProcessBasicConstraints",,,,1,24,0,,,,,,,,,,,,,,,,,,,,,,,,,,,,,,,4,25,1,24,4,17,0,0,0,8,7,12,16,3,0,13,5,5,5,1,3,,,,,0,,2,0,,0.00,,,,
Static Function,"mozilla_security_manager::ProcessBitField",,,,0,17,0,,,,,,,,,,,,,,,,,,,,,,,,,,,,,,,10,17,0,17,8,9,0,0,0,3,8,10,14,4,0,10,5,5,6,1,0,,,,,0,,3,0,,0.00,,,,
Static Function,"mozilla_security_manager::ProcessBitStringExtension",,,,0,15,0,,,,,,,,,,,,,,,,,,,,,,,,,,,,,,,7,15,0,15,6,9,0,0,0,9,2,8,9,2,0,7,2,2,2,1,1,,,,,0,,1,0,,0.00,,,,
Function,"mozilla_security_manager::ProcessCertificatePolicies",,,,6,44,7,,,,,,,,,,,,,,,,,,,,,,,,,,,,,,,8,57,6,44,9,36,7,0,0,10,12,23,31,7,0,24,8,7,8,1,5,,,,,0,,4,0,,0.16,,,,
Function,"mozilla_security_manager::ProcessCrlDistPoints",,,,4,57,2,,,,,,,,,,,,,,,,,,,,,,,,,,,,,,,14,63,4,57,20,40,2,0,0,12,32,30,40,9,0,31,10,9,11,1,2,,,,,0,,5,0,,0.04,,,,
Function,"mozilla_security_manager::ProcessExtKeyUsage",,,,2,24,4,,,,,,,,,,,,,,,,,,,,,,,,,,,,,,,3,30,2,24,7,18,4,0,0,8,4,16,19,6,0,13,4,4,5,1,2,,,,,0,,2,0,,0.17,,,,
Function,"mozilla_security_manager::ProcessExtensionData",,,,0,40,2,,,,,,,,,,,,,,,,,,,,,,,,,,,,,,,3,42,0,40,1,37,2,0,0,14,13,13,36,0,0,36,23,3,23,13,67,,,,,67,,2,67,,0.05,,,,
Function,"mozilla_security_manager::ProcessGeneralName",,,,2,91,6,,,,,,,,,,,,,,,,,,,,,,,,,,,,,,,15,99,2,91,11,75,6,0,0,18,15,45,61,7,0,54,15,7,16,11,48,,,,,45,,3,45,,0.07,,,,
Function,"mozilla_security_manager::ProcessGeneralNames",,,,1,13,0,,,,,,,,,,,,,,,,,,,,,,,,,,,,,,,5,14,1,13,5,9,0,0,0,4,2,8,9,3,0,6,3,3,3,3,2,,,,,2,,2,2,,0.00,,,,
Function,"mozilla_security_manager::ProcessIA5String",,,,0,9,1,,,,,,,,,,,,,,,,,,,,,,,,,,,,,,,4,9,0,9,3,5,1,0,0,5,2,5,6,2,0,4,2,2,2,1,1,,,,,0,,1,0,,0.11,,,,
Function,"mozilla_security_manager::ProcessKeyUsageBitString",,,,0,4,0,,,,,,,,,,,,,,,,,,,,,,,,,,,,,,,3,4,0,4,1,2,0,0,0,3,1,1,1,0,0,1,1,1,1,1,0,,,,,0,,0,0,,0.00,,,,
Function,"mozilla_security_manager::ProcessKeyUsageExtension",,,,0,4,0,,,,,,,,,,,,,,,,,,,,,,,,,,,,,,,3,4,0,4,1,2,0,0,0,3,1,1,1,0,0,1,1,1,1,1,0,,,,,0,,0,0,,0.00,,,,
Function,"mozilla_security_manager::ProcessNSCertTypeExtension",,,,0,13,0,,,,,,,,,,,,,,,,,,,,,,,,,,,,,,,2,13,0,13,10,11,0,0,0,3,1,2,2,1,0,1,1,1,1,1,0,,,,,0,,0,0,,0.00,,,,
Function,"mozilla_security_manager::ProcessName",,,,2,9,1,,,,,,,,,,,,,,,,,,,,,,,,,,,,,,,3,12,2,9,4,5,1,0,0,2,4,9,11,3,0,8,3,3,3,1,0,,,,,0,,1,0,,0.11,,,,
Function,"mozilla_security_manager::ProcessRDN",,,,2,19,1,,,,,,,,,,,,,,,,,,,,,,,,,,,,,,,8,22,2,19,7,12,1,0,0,6,4,13,16,5,0,11,4,4,4,1,0,,,,,0,,3,0,,0.05,,,,
Function,"mozilla_security_manager::ProcessSubjectKeyId",,,,2,15,0,,,,,,,,,,,,,,,,,,,,,,,,,,,,,,,3,17,2,15,3,10,0,0,0,11,2,8,9,2,0,7,2,2,2,1,1,,,,,0,,1,0,,0.00,,,,
Function,"mozilla_security_manager::ProcessSubjectPublicKeyInfo",,,,0,23,0,,,,,,,,,,,,,,,,,,,,,,,,,,,,,,,9,23,0,23,3,17,0,0,0,8,3,8,11,2,0,9,3,3,3,1,1,,,,,0,,2,0,,0.00,,,,
Function,"mozilla_security_manager::ProcessUserNotice",,,,2,52,0,,,,,,,,,,,,,,,,,,,,,,,,,,,,,,,9,54,2,52,5,42,0,0,0,8,53,23,39,4,0,35,15,9,15,1,7,,,,,0,,4,0,,0.00,,,,
Function,"mozilla_security_manager::RegisterDynamicOids",,,,3,29,3,,,,,,,,,,,,,,,,,,,,,,,,,,,,,,,1,35,3,29,1,27,3,0,0,22,2,22,23,0,0,23,2,2,2,1,1,,,,,0,,1,0,,0.10,,,,
Function,"mozilla_security_manager::SetCertTrust",,,,7,52,5,,,,,,,,,,,,,,,,,,,,,,,,,,,,,,,11,64,7,52,14,43,5,0,0,11,62,25,37,7,0,30,13,13,15,4,9,,,,,5,,2,5,,0.10,,,,
Function,"mozilla_security_manager::unicodeToItem",,,,0,15,0,,,,,,,,,,,,,,,,,,,,,,,,,,,,,,,4,15,0,7,2,4,0,5,3,2,2,4,5,1,1,3,2,2,2,1,0,,,,,0,,1,0,,0.00,,,,
Function,"mozilla_security_manager::write_export_data",,,,0,4,0,,,,,,,,,,,,,,,,,,,,,,,,,,,,,,,3,4,0,4,2,2,0,0,0,1,1,2,2,1,0,1,1,1,1,1,0,,,,,0,,0,0,,0.00,,,,
Function,"nsPKCS12Blob_Export",,,,9,71,19,,,,,,,,,,,,,,,,,,,,,,,,,,,,,,,4,97,9,71,17,56,19,0,0,26,2112,43,56,11,0,45,14,14,17,11,14,,,,,14,,4,13,,0.27,,,,
Function,"nsPKCS12Blob_Import",,,,2,15,8,,,,,,,,,,,,,,,,,,,,,,,,,,,,,,,7,25,2,15,9,7,8,0,0,3,2,3,4,1,0,3,2,2,3,1,0,,,,,0,,1,0,,0.53,,,,
Function,"nsPKCS12Blob_ImportHelper",,,,10,119,24,,,,,,,,,,,,,,,,,,,,,,,,,,,,,,,18,151,10,119,21,95,24,0,0,26,396288,61,91,10,0,81,30,21,30,15,27,,,,,21,,4,17,,0.20,,,,
Static Function,"onApply",,,,1,8,0,,,,,,,,,,,,,,,,,,,,,,,,,,,,,,,2,9,1,8,2,5,0,0,0,4,2,4,5,1,0,4,2,2,2,1,1,,,,,0,,1,0,,0.00,,,,
Static Function,"onApply",,,,3,12,0,,,,,,,,,,,,,,,,,,,,,,,,,,,,,,,2,15,3,12,3,8,0,0,0,8,2,8,9,2,0,7,2,2,2,1,1,,,,,0,,1,0,,0.00,,,,
Static Function,"onApply",,,,4,12,2,,,,,,,,,,,,,,,,,,,,,,,,,,,,,,,2,17,4,12,4,8,2,0,0,4,3,9,11,3,0,8,3,3,3,1,1,,,,,0,,1,0,,0.17,,,,
Static Function,"onApply",,,,1,8,0,,,,,,,,,,,,,,,,,,,,,,,,,,,,,,,2,9,1,8,2,5,0,0,0,4,2,4,5,1,0,4,2,2,2,1,1,,,,,0,,1,0,,0.00,,,,
Static Function,"onChooseDir",,,,4,29,1,,,,,,,,,,,,,,,,,,,,,,,,,,,,,,,2,34,4,29,5,18,1,0,0,8,11,14,19,4,0,15,6,6,6,1,2,,,,,0,,2,0,,0.03,,,,
Static Function,"onCommand",,,,7,83,1,,,,,,,,,,,,,,,,,,,,,,,,,,,,,,,6,91,7,83,13,58,1,0,0,27,21,51,64,12,0,52,13,10,15,11,28,,,,,28,,3,28,,0.01,,,,
Static Function,"onCommand",,,,0,20,0,,,,,,,,,,,,,,,,,,,,,,,,,,,,,,,2,20,0,20,2,15,0,0,0,5,6,8,14,1,0,13,6,4,6,1,6,,,,,0,,2,0,,0.00,,,,
Static Function,"onCommand",,,,0,14,0,,,,,,,,,,,,,,,,,,,,,,,,,,,,,,,2,14,0,14,1,9,0,0,0,1,3,5,8,0,0,8,3,2,3,1,3,,,,,0,,1,0,,0.00,,,,
Static Function,"onCommand",,,,0,15,0,,,,,,,,,,,,,,,,,,,,,,,,,,,,,,,2,15,0,15,1,10,0,0,0,4,3,6,9,0,0,9,3,2,3,1,3,,,,,0,,1,0,,0.00,,,,
Static Function,"onCommand",,,,0,20,0,,,,,,,,,,,,,,,,,,,,,,,,,,,,,,,2,20,0,20,3,11,0,0,0,1,5,9,14,2,0,12,5,4,5,1,3,,,,,0,,2,0,,0.00,,,,
Static Function,"onDestroy",,,,0,6,0,,,,,,,,,,,,,,,,,,,,,,,,,,,,,,,1,6,0,6,2,3,0,0,0,2,2,2,3,1,0,2,2,2,2,1,0,,,,,0,,1,0,,0.00,,,,
Static Function,"onDrawItem",,,,7,87,0,,,,,,,,,,,,,,,,,,,,,,,,,,,,,,,14,94,7,87,13,61,0,0,0,13,165,37,54,9,0,45,16,10,17,1,16,,,,,0,,3,0,,0.00,,,,
Static Function,"onInitDialog",,,,3,14,0,,,,,,,,,,,,,,,,,,,,,,,,,,,,,,,4,17,3,14,2,7,0,0,0,3,4,5,7,1,0,6,4,4,4,1,0,,,,,0,,1,0,,0.00,,,,
Static Function,"onInitDialog",,,,4,29,0,,,,,,,,,,,,,,,,,,,,,,,,,,,,,,,4,33,4,29,3,23,0,0,0,16,12,20,24,2,0,22,5,5,6,1,1,,,,,0,,1,0,,0.00,,,,
Static Function,"onInitDialog",,,,2,16,0,,,,,,,,,,,,,,,,,,,,,,,,,,,,,,,9,18,2,16,3,11,0,0,0,8,3,9,11,2,0,9,5,5,6,1,0,,,,,0,,2,0,,0.00,,,,
Static Function,"onInitDialog",,,,0,5,0,,,,,,,,,,,,,,,,,,,,,,,,,,,,,,,1,5,0,5,1,2,0,0,0,2,1,2,2,0,0,2,1,1,1,1,0,,,,,0,,0,0,,0.00,,,,
Static Function,"onInitDialog",,,,4,19,0,,,,,,,,,,,,,,,,,,,,,,,,,,,,,,,7,23,4,19,2,12,0,0,0,7,4,10,12,1,0,11,6,6,6,1,0,,,,,0,,1,0,,0.00,,,,
Static Function,"onInitDialog",,,,4,21,1,,,,,,,,,,,,,,,,,,,,,,,,,,,,,,,3,26,4,21,5,12,1,0,0,4,8,11,15,4,0,11,6,6,6,1,1,,,,,0,,2,0,,0.05,,,,
Static Function,"onInitDialog",,,,3,14,0,,,,,,,,,,,,,,,,,,,,,,,,,,,,,,,4,17,3,14,2,7,0,0,0,3,4,5,7,1,0,6,4,4,4,1,0,,,,,0,,1,0,,0.00,,,,
Static Function,"onNotify",,,,0,11,0,,,,,,,,,,,,,,,,,,,,,,,,,,,,,,,3,11,0,11,1,6,0,0,0,1,3,3,6,0,0,6,3,2,3,1,1,,,,,0,,1,0,,0.00,,,,
Static Function,"onNotify",,,,0,11,0,,,,,,,,,,,,,,,,,,,,,,,,,,,,,,,3,11,0,11,1,6,0,0,0,1,3,3,6,0,0,6,3,2,3,1,1,,,,,0,,1,0,,0.00,,,,
Static Function,"onNotify",,,,0,11,0,,,,,,,,,,,,,,,,,,,,,,,,,,,,,,,3,11,0,11,1,6,0,0,0,1,3,3,6,0,0,6,3,2,3,1,1,,,,,0,,1,0,,0.00,,,,
Static Function,"onNotify",,,,0,11,0,,,,,,,,,,,,,,,,,,,,,,,,,,,,,,,3,11,0,11,1,6,0,0,0,1,3,3,6,0,0,6,3,2,3,1,1,,,,,0,,1,0,,0.00,,,,
Static Function,"onOptions",,,,14,77,0,,,,,,,,,,,,,,,,,,,,,,,,,,,,,,,18,91,14,77,7,66,0,0,0,25,9,66,72,6,0,66,8,8,8,3,2,,,,,2,,3,2,,0.00,,,,
Static Function,"onSize",,,,10,54,1,,,,,,,,,,,,,,,,,,,,,,,,,,,,,,,5,65,10,54,24,46,1,0,0,9,1,35,35,23,0,12,1,1,1,1,0,,,,,0,,0,0,,0.02,,,,
Function,"pip_ucs2_ascii_conversion_fn",,,,0,14,1,,,,,,,,,,,,,,,,,,,,,,,,,,,,,,,4,15,0,14,8,4,1,0,0,4,1,4,4,0,0,4,1,1,1,1,0,,,,,0,,0,0,,0.07,,,,
Static Function,"shutDialog",,,,0,4,0,,,,,,,,,,,,,,,,,,,,,,,,,,,,,,,1,4,0,4,1,1,0,0,0,1,1,1,1,0,0,1,1,1,1,1,0,,,,,0,,0,0,,0.00,,,,
Function,"sk_free",,,,0,5,0,,,,,,,,,,,,,,,,,,,,,,,,,,,,,,,1,5,0,5,1,2,0,0,0,1,2,1,2,0,0,2,2,2,2,1,0,,,,,0,,1,0,,0.00,,,,
Function,"sk_malloc_flags",,,,0,25,1,,,,,,,,,,,,,,,,,,,,,,,,,,,,,,,3,26,0,17,3,10,0,3,6,5,6,8,11,2,0,9,4,4,4,1,1,,,,,0,,2,0,,0.00,,,,
Function,"sk_malloc_throw",,,,0,3,0,,,,,,,,,,,,,,,,,,,,,,,,,,,,,,,1,3,0,3,1,1,0,0,0,2,1,1,1,0,0,1,1,1,1,1,0,,,,,0,,0,0,,0.00,,,,
Function,"sk_out_of_memory",,,,0,4,0,,,,,,,,,,,,,,,,,,,,,,,,,,,,,,,0,4,0,4,1,2,0,0,0,2,1,2,2,0,0,2,1,1,1,1,0,,,,,0,,0,0,,0.00,,,,
Function,"sk_realloc_throw",,,,0,10,0,,,,,,,,,,,,,,,,,,,,,,,,,,,,,,,2,10,0,10,2,6,0,0,0,3,3,4,6,1,0,5,3,3,3,1,1,,,,,0,,1,0,,0.00,,,,
Function,"sk_throw",,,,0,4,0,,,,,,,,,,,,,,,,,,,,,,,,,,,,,,,2,4,0,4,1,2,0,0,0,2,1,2,2,0,0,2,1,1,1,1,0,,,,,0,,0,0,,0.00,,,,
Function,"starts_with",,,,0,3,0,,,,,,,,,,,,,,,,,,,,,,,,,,,,,,,3,3,0,3,1,1,0,0,0,3,1,1,1,0,0,1,1,1,1,1,0,,,,,0,,0,0,,0.00,,,,
Function,"vsnprintf",,,,0,7,0,,,,,,,,,,,,,,,,,,,,,,,,,,,,,,,5,7,0,7,3,4,0,0,0,3,2,3,4,1,0,3,2,2,2,1,1,,,,,0,,1,0,,0.00,,,,
